Duplicated name,Without location,Without description,Without website,Unverified,Followers,Followings,Public member,Likes,Total tweets,Age,Default theme,Default photo,Source,Without geotagged,Tweet's retweets,Tweet's likes,Mentions,Hashtags,Link,Label
0,0,0,0,1,4458,2120,205,9999,21247,0,0,0,69,1,1,1,0,1,1,0
0,0,0,1,1,631,985,6,41512,47857,0,0,0,88,1,0,0,2,5,0,0
0,0,0,1,1,0,3,0,88,82,1,1,0,88,1,1,1,0,1,0,1
0,0,0,1,1,452,805,3,3984,1170,0,1,0,93,1,1,1,0,5,0,0
0,0,0,1,1,1090,543,30,22135,40990,0,0,0,92,1,1,1,0,6,1,0
0,0,0,0,1,565,1405,10,15551,18538,0,0,0,90,1,1,1,0,15,0,0
0,0,0,0,0,18299,1039,431,2737,24469,0,0,0,80,1,1,1,0,1,1,0
0,0,0,1,1,1722,1814,7,30072,34730,0,1,0,90,1,0,0,3,1,0,0
0,0,0,1,1,2081,4819,0,1100189,447949,0,1,0,90,1,1,1,0,1,0,0
0,0,0,0,0,14013,1532,304,98331,120703,0,0,0,93,1,2,7,0,2,1,0
0,0,0,0,1,525,63,15,87775,40939,0,0,0,80,1,2,4,0,7,0,0
0,0,0,1,1,85,665,2,4942,15004,0,1,0,93,1,0,0,1,1,0,1
0,1,1,1,1,0,3,0,0,10,0,1,0,93,1,1,1,1,1,0,1
0,0,0,0,1,226,160,11,574,57898,0,1,0,11,1,0,0,0,8,1,1
0,1,0,1,1,36859,5522,113,339319,39712,0,1,0,93,1,16,54,0,4,0,0
0,0,0,0,1,52,59,0,495,8412,0,0,0,26,1,2,1,0,4,1,1
0,0,0,1,1,155,347,2,2302,4381,0,0,0,88,1,1,1,3,4,1,0
0,0,0,0,1,14510,2892,224,62,6116,0,0,0,12,1,1,3,0,1,1,0
0,0,0,0,1,5957,357,250,33,5373,0,0,0,80,1,1,1,0,19,1,1
0,1,0,1,1,104,309,0,1277,3507,0,0,0,93,1,0,0,1,5,1,1
0,0,0,0,1,30,3,0,1203,1624,0,1,0,88,1,0,0,2,3,0,1
0,1,0,0,1,75,271,0,3802,849,0,1,0,90,1,0,0,0,1,1,1
0,0,0,0,1,331,91,4,411,2753,0,1,0,93,1,3,6,0,2,1,0
0,0,0,0,1,914,1751,17,1673,6505,0,0,0,80,1,1,1,0,2,1,0
1,0,0,0,1,1206,463,58,1432,2130,0,0,0,88,1,1,1,3,3,1,0
0,1,0,0,1,4,9,0,0,404,0,1,0,93,1,1,1,0,24,0,1
0,0,0,1,1,1152,3296,222,20584,85384,0,0,0,90,1,1,1,0,1,1,0
0,0,0,0,1,343,901,0,11661,2091,0,1,0,93,1,0,0,0,2,1,1
0,0,0,0,1,1944,1619,140,59578,118963,0,0,0,88,1,0,1,1,2,0,0
0,1,0,0,1,9,155,0,205,97,1,1,0,93,1,0,0,0,13,1,1
0,0,0,0,1,500,635,37,1247,5442,0,0,0,88,1,1,1,0,8,0,0
0,1,0,1,1,101,297,2,335,1396,1,1,0,88,1,2,1,0,5,0,1
0,0,0,1,1,490,416,4,1560,983,0,0,0,88,1,0,1,0,2,1,0
0,1,0,1,1,107,113,3,854,867,0,1,0,88,1,1,1,0,4,1,1
0,0,0,0,1,183,1093,2,715,221,0,1,0,88,1,2,7,0,3,2,0
0,0,0,1,1,3519,3299,1,2545,3225,0,1,0,93,1,1,3,4,3,1,0
0,1,0,1,1,678,231,6,4776,664,0,1,0,88,1,1,1,2,1,1,0
0,0,1,1,1,185,302,28,12913,56821,0,0,0,26,1,0,0,0,1,1,1
0,0,0,0,1,3312,610,91,626,3676,0,0,0,29,1,3,3,1,3,1,0
0,0,0,0,0,142913,3495,222,69812,60333,0,0,0,29,1,1,2,1,2,1,0
0,0,0,1,1,221,195,3,148,725,0,1,0,25,1,1,1,0,2,1,1
0,0,0,0,1,578,337,28,70,2080,0,0,0,29,1,1,1,0,9,1,1
0,0,0,0,1,42,71,0,3,67,1,1,0,29,1,1,1,0,6,2,1
0,0,0,1,1,466,19,8,12,4178,0,1,0,18,1,1,2,0,5,0,1
0,1,0,1,1,12,64,0,341,250,1,1,0,90,1,1,1,0,3,0,1
0,0,0,1,1,1563,2565,11,40117,44573,0,1,0,90,1,0,0,2,2,0,0
0,0,0,0,0,12909,2041,359,6101,93267,0,0,0,101,1,1,1,1,6,1,0
0,0,0,1,1,86,252,1,1929,2493,0,1,0,88,1,1,1,0,2,1,1
0,0,0,0,1,4931,1775,30,10567,4912,0,1,0,93,1,8,16,0,3,0,0
0,0,0,0,1,1461,1268,0,833,4984,0,0,0,88,1,1,2,1,3,1,0
0,0,0,1,1,1082,2479,3,722,934,1,1,0,90,1,0,3,1,4,1,1
0,1,0,1,1,216,145,2,5973,17900,0,0,0,93,1,0,0,0,2,0,1
0,0,0,0,1,3395,3158,134,16395,69081,0,0,0,93,1,1,1,0,4,1,0
0,1,0,1,1,168,5,1,4417,8052,0,1,0,88,1,0,1,1,1,1,1
0,0,0,0,1,6569,6041,82,187850,310266,0,0,0,12,1,3,2,2,13,1,0
0,0,0,0,1,674,1954,15,18602,2889,0,0,0,90,1,0,0,0,2,0,0
0,1,0,1,1,417,981,0,21767,26489,0,1,1,90,1,1,1,0,1,1,1
0,0,0,1,1,1478,4924,4,27948,48480,0,1,0,93,1,1,1,0,5,2,0
0,0,0,1,1,49,43,1,53,564,0,1,0,19,1,1,1,0,4,0,1
0,0,0,0,1,2092,2943,41,30334,5308,0,0,0,88,1,1,1,1,8,1,0
0,0,0,1,1,844,949,5,89810,33791,0,1,0,93,1,0,0,1,1,0,0
0,0,0,1,1,2824,4515,1,718,635,0,1,0,90,1,3,6,0,2,0,0
0,1,0,0,1,1820,2836,68,11411,13485,0,0,0,93,1,1,3,2,4,1,0
0,0,0,0,1,18421,19180,37,77681,28157,0,0,0,91,1,2,0,0,6,1,0
0,0,0,0,1,2520,2320,149,1250,7889,0,0,0,56,1,1,1,0,4,1,0
0,1,0,1,1,204,93,1,1022,4084,0,1,0,93,1,1,1,0,1,1,1
0,0,0,1,1,152,613,1,21,79,0,1,0,93,1,1,1,0,2,0,1
0,0,0,0,1,4122,4974,376,79639,509940,0,0,0,93,1,2,3,0,4,1,0
0,1,0,1,1,118,139,0,1833,1972,0,1,0,88,1,3,3,0,28,1,1
0,0,0,1,1,34,13,1,33,166,0,1,0,93,1,2,2,0,1,0,1
0,1,0,0,1,68,197,6,1873,49974,0,1,0,88,1,1,1,0,13,2,1
0,0,1,0,1,27,18,2,2,514,0,1,0,17,1,1,3,0,10,0,1
0,0,0,1,1,663,845,17,18654,14797,0,1,0,93,1,1,2,0,3,1,0
1,0,0,0,1,18161,18928,35,801,5686,0,0,0,88,1,2,1,0,22,1,0
1,0,0,0,1,282,719,2,2563,8402,0,1,0,12,1,1,1,4,3,1,0
0,1,0,0,1,4495,359,3,1615,2591,0,1,0,93,1,1,3,0,11,0,0
0,0,0,0,1,223,4576,0,15852,93543,0,1,0,88,1,1,1,0,10,3,0
0,1,0,1,1,180,543,1,1369,1061,1,1,0,88,1,0,0,0,2,1,1
0,0,0,1,1,973,364,21,2163,1815,0,1,0,88,1,2,3,0,2,0,0
0,0,0,0,1,17,1,0,4,203,0,0,0,88,1,2,1,0,20,1,1
0,0,0,0,1,804,382,10,253,2293,0,0,0,88,1,1,2,0,11,1,0
0,1,0,1,1,3839,4820,115,74290,230923,0,0,0,93,1,0,0,1,2,0,0
0,1,0,1,1,4670,4700,3,9092,9674,0,1,0,88,1,4,8,1,5,0,0
0,0,0,1,1,58,227,0,7035,1181,0,1,0,93,1,0,0,0,1,1,1
0,0,0,1,1,104077,88167,859,117604,70107,0,1,0,93,1,1,1,0,6,2,0
0,0,0,0,1,331,1198,19,2779,10107,0,0,0,80,1,0,0,0,3,1,0
0,0,0,1,1,136,307,1,4801,1122,0,1,0,93,1,1,1,1,1,0,0
0,0,0,1,1,35,166,0,921,2274,1,1,0,93,1,0,0,2,2,0,1
0,1,0,0,1,1,3,0,137,133,1,1,0,90,1,1,2,0,13,0,1
0,0,0,1,1,1494,1683,6,26252,33511,0,0,0,88,1,0,0,1,1,0,0
0,0,0,1,1,4054,1999,525,105382,283779,0,0,0,88,1,1,1,1,2,1,0
1,0,0,1,1,497,784,13,12622,19663,0,0,0,93,1,1,2,0,1,0,0
0,0,0,1,1,64,162,0,1195,959,1,1,0,90,1,1,2,0,5,1,1
0,1,0,0,1,12139,12187,30,8398,8970,0,1,0,88,1,1,2,1,2,1,0
0,1,0,1,1,29,42,0,60,1055,0,1,0,88,1,1,2,0,6,1,1
1,0,0,0,1,26209,16458,134,82568,149493,0,1,0,90,1,4,8,0,7,1,1
0,0,0,0,1,3635,1154,350,13,301836,0,0,0,31,1,1,1,0,1,0,0
0,1,0,1,1,195,230,0,88,144,0,1,0,93,1,1,1,0,1,1,1
0,1,1,1,1,516,2717,0,79615,36444,0,1,0,93,1,1,1,0,3,0,1
0,0,0,0,1,4197,2663,67,81489,48193,0,0,0,88,1,3,4,0,3,0,0
0,0,0,0,1,4421,449,56,7657,3543,0,0,0,93,1,0,0,1,3,0,0
0,1,0,1,1,194,2907,14,970,1082,0,1,0,93,1,1,1,0,27,0,1
0,0,0,1,1,121,62,0,7,13303,0,1,0,97,1,1,2,0,1,1,1
0,1,0,1,1,3869,2146,115,21557,44823,0,0,0,88,1,1,2,0,1,1,0
0,0,0,0,1,1349,2711,48,25994,35757,0,0,0,88,1,1,1,2,4,1,0
0,1,0,1,1,2,4,0,1,15,1,1,0,93,1,1,1,0,12,0,1
0,1,0,1,1,24016,23789,131,158586,178031,0,0,0,88,1,1,5,0,1,0,0
0,0,0,0,1,486,989,12,1784,6152,0,1,0,88,1,2,1,0,22,1,0
0,0,0,1,1,1094,1806,42,41096,18113,0,0,0,90,1,0,1,0,2,1,0
0,0,0,1,1,58,132,0,68,263,0,0,0,88,1,1,1,1,5,1,1
0,0,0,1,1,384,245,5,6865,5354,0,1,0,93,1,0,0,0,1,1,1
0,0,0,0,1,3392,1844,285,6878,44870,0,0,0,80,1,1,1,6,6,1,0
0,0,0,0,0,28156,3455,744,11838,39770,0,0,0,29,1,3,2,0,5,0,0
0,1,1,1,1,2,84,0,0,9,0,1,1,88,1,1,2,0,4,1,1
0,1,0,0,1,23,5,1,2,4056,0,1,0,29,1,1,1,0,1,1,1
0,0,0,0,1,366,260,5,664,877,0,0,0,29,1,1,2,1,5,1,0
0,0,0,0,1,331,425,3,528,317,0,1,0,29,1,2,2,0,7,0,0
0,0,0,0,1,11,0,0,0,347,0,1,0,29,1,1,1,0,20,1,1
0,1,0,0,1,3136,4992,43,7691,3104,0,0,0,80,1,2,1,0,4,1,0
0,0,0,1,1,262,228,2,43,520,0,1,0,80,1,1,2,3,2,1,1
1,0,0,0,1,894,1005,30,301,766,0,0,0,30,1,1,1,0,3,1,0
0,0,0,0,1,100124,6084,353,2513,66316,0,1,0,88,1,7,22,2,1,1,0
0,0,0,1,1,320,211,5,53543,110259,0,1,0,90,1,1,1,0,6,0,0
0,0,0,1,1,130,113,8,13045,7458,0,1,0,92,1,0,0,1,2,0,1
0,0,0,1,1,1239,962,10,165047,23085,0,0,0,90,1,0,1,0,1,0,0
1,0,0,0,0,43318,328,561,293563,13978,0,1,0,93,1,3,16,0,1,1,0
0,0,0,1,1,54,183,2,9409,11001,0,1,0,88,1,0,0,1,2,0,1
0,0,0,0,1,385,1141,2,338,455,0,0,0,88,1,0,0,1,1,0,0
0,1,0,1,1,14,174,0,1709,979,1,1,0,93,1,1,1,1,5,0,1
0,0,0,1,1,8877,9631,325,262795,187867,0,0,0,88,1,1,2,0,3,1,0
0,0,0,1,1,700,592,11,17173,9806,0,1,0,88,1,0,1,3,2,0,0
0,0,0,0,1,334919,693,1405,283,185319,0,0,0,80,1,1,3,0,3,0,0
0,0,0,0,1,5603,5649,142,5506,9721,0,0,0,88,1,1,5,1,5,0,0
0,0,0,1,1,19,57,0,124,1279,0,1,0,93,1,1,1,0,1,0,1
0,0,0,0,1,407,254,159,1040,145746,0,1,0,12,1,1,1,0,4,1,0
0,0,0,0,1,4499,4995,196,39530,56744,0,0,0,88,1,2,1,0,5,1,0
1,1,0,1,1,490,1073,13,21149,15469,0,0,0,88,1,0,0,0,2,1,1
0,0,0,0,0,6023,1099,131,811,3754,0,0,0,2,1,2,2,1,3,1,0
0,0,0,0,1,2214,89,51,111977,18930,0,1,0,90,1,2,6,0,1,1,0
0,0,0,0,1,30265,2679,588,5461,7280,0,0,0,70,1,2,2,0,1,1,0
0,0,0,1,1,555,311,7,1379,1092,0,1,0,93,1,0,0,0,2,1,1
0,1,1,1,1,190,622,0,883,3865,0,1,0,93,1,0,0,1,2,0,1
0,0,0,1,1,827,1031,2,4885,11016,0,1,0,90,0,0,0,0,5,1,1
0,0,0,0,1,1192,264,19,461,4098,0,1,0,93,1,1,1,0,3,1,0
0,0,0,1,1,185,409,1,10936,14439,0,1,0,93,0,0,0,1,1,0,0
0,0,0,1,1,1218,1825,73,33851,5301,0,0,0,90,1,1,1,0,1,0,0
0,0,0,0,1,39,61,0,7844,32,0,1,0,37,1,1,1,0,8,1,1
1,0,0,0,1,1114,916,14,1624,2089,0,1,0,88,1,1,1,0,2,1,0
0,0,0,0,0,9857,1147,130,13262,32954,0,0,0,93,1,6,3,0,5,0,0
0,0,0,1,1,53,686,0,293,584,0,1,0,90,1,2,1,0,27,0,1
0,0,0,1,1,137,1622,0,48079,24782,0,0,0,88,1,0,0,1,6,0,1
0,0,0,0,1,395,392,0,9526,3312,1,1,0,90,1,1,5,0,5,0,0
0,1,0,1,1,2395,1728,135,219,24279,0,1,0,88,1,1,4,0,2,0,1
0,0,0,0,1,796,550,35,274,168,0,0,0,88,1,2,4,1,1,1,0
0,0,0,0,1,649,923,5,24456,4389,0,1,0,90,1,0,1,3,2,0,0
0,0,0,0,0,1897136,537,5532,282,219883,0,0,0,12,1,0,6,0,1,2,0
0,1,0,1,1,123,590,1,2994,3847,0,1,0,88,1,0,0,0,13,1,1
1,0,0,0,1,571,374,23,2120,4258,0,0,0,88,1,3,1,1,3,1,0
0,0,0,1,1,4001,2035,230,106289,77369,0,1,0,88,1,0,0,1,1,0,0
0,0,0,0,1,395,7,5,46,83788,0,1,0,24,1,1,1,0,6,2,1
0,0,0,0,1,1376,774,64,69851,30179,0,1,0,88,1,1,8,0,1,0,0
0,0,0,0,1,2177,2667,191,7,285989,0,0,0,88,1,0,1,0,1,1,1
0,0,0,1,1,1558,2238,6,127691,19671,0,0,0,88,1,0,0,2,1,0,0
0,0,0,1,1,294,287,12,6376,10251,0,1,0,93,1,1,3,0,1,0,0
0,0,0,0,0,12178,2356,550,2965,60953,0,1,0,88,1,2,2,0,1,1,0
0,0,0,0,1,1785,2686,71,27476,60736,0,0,0,90,1,0,2,0,4,1,0
0,0,0,0,1,490,599,15,445,998,0,0,0,88,1,3,2,0,5,1,0
0,0,1,1,1,0,9,0,0,45,0,1,0,93,1,1,2,0,17,0,1
1,0,0,0,1,215,29,5,181,936,0,1,0,20,1,1,1,0,4,1,1
0,0,0,0,1,2253,4698,32,43925,23852,0,0,0,88,1,1,1,0,3,1,0
0,0,0,0,1,2132,2293,80,5491,5728,0,1,0,88,1,0,0,0,4,1,1
0,0,0,1,1,486,434,34,50940,41207,0,0,0,90,1,0,0,4,2,0,0
0,1,0,0,1,3524,4947,4,48823,15554,0,1,0,93,1,1,1,0,20,1,1
0,1,0,1,1,160,1092,5,2097,8781,0,1,0,93,1,0,0,0,3,1,1
0,0,0,0,1,2648,606,58,1226,6432,0,0,0,29,1,1,1,0,1,0,0
0,0,0,0,1,3865,5003,6,2777,4205,0,1,0,93,1,8,7,1,8,0,0
0,0,0,0,1,434,1,3,16,6163,0,1,0,116,1,1,1,0,1,1,1
0,0,0,1,1,42,360,0,1736,2036,0,1,0,92,1,0,0,1,1,0,1
0,0,0,0,1,12667,1295,419,1801,48967,0,0,0,29,1,1,1,0,6,1,0
0,0,0,1,1,420,1858,6,2922,14047,0,0,0,93,1,1,1,0,2,0,0
0,0,0,0,1,9550,404,234,1381,99766,0,0,0,88,1,2,1,5,1,0,0
0,0,0,0,1,195,674,13,5330,1632,0,1,0,90,0,1,0,0,8,0,0
0,0,0,1,1,275,1370,4,21885,22091,0,0,0,93,1,1,2,0,2,0,0
0,0,0,0,0,5881,1961,159,4779,16167,0,0,0,93,1,1,1,0,1,2,0
0,0,0,1,1,11,164,0,25007,29384,0,1,0,88,1,1,0,0,1,0,1
0,0,0,0,1,479,1923,10,702,1266,0,1,0,88,1,1,0,2,1,1,0
0,0,0,0,1,133,15,0,219,483,0,1,0,93,1,1,0,0,8,0,1
1,1,0,1,1,0,0,0,1,4,0,1,0,93,1,1,1,1,4,0,1
0,1,0,1,1,49,247,0,6753,4228,0,1,1,92,1,0,3,3,4,0,1
0,1,0,1,1,29,191,0,146,41,1,1,0,90,1,1,1,0,1,0,1
0,0,0,0,1,1051,1378,89,7472,15142,0,0,0,90,1,1,3,2,5,0,0
0,1,0,1,1,1,0,0,0,185,0,1,0,88,1,1,1,0,2,0,1
0,0,0,0,1,50153,3589,1106,3548,26473,0,0,0,29,1,2,2,0,6,1,0
0,1,0,1,1,249,996,2,24492,7705,0,1,0,90,1,0,2,8,1,1,1
0,0,0,0,1,4815,460,116,1400,7671,0,0,0,29,1,3,4,0,1,2,0
0,1,0,0,1,878,247,17,21,340,0,1,0,12,1,2,1,0,3,1,1
0,1,0,1,1,336,567,3,11008,6191,0,1,0,93,1,1,0,0,9,1,1
0,0,0,0,1,8265,521,224,28,25012,0,0,0,29,1,1,2,1,2,1,0
0,1,0,0,1,9,344,0,0,17,0,1,0,29,1,1,0,0,8,0,1
0,1,0,1,1,232,264,2,2725,8120,0,1,0,88,1,5,2,0,1,0,0
0,1,0,0,1,1799,359,81,664,5419,0,0,0,29,1,4,3,1,2,1,0
0,0,0,0,1,1899,1497,53,1815,4004,0,0,0,29,1,1,0,1,1,2,0
0,0,0,0,1,528,1077,7,268,700,0,1,0,29,1,1,1,0,7,1,1
0,0,0,0,1,2471,2365,132,139,9676,0,0,0,54,1,1,1,0,3,1,0
0,1,0,1,1,78,840,0,1921,1684,0,1,0,32,1,1,0,0,1,0,1
0,0,0,0,1,1390,1605,58,53,4299,0,0,0,30,1,1,0,0,3,1,1
1,0,0,0,1,61,269,1,17,1308,0,1,0,88,1,1,1,0,7,1,1
0,1,0,1,1,16,17,0,84,265,1,1,0,90,1,2,2,0,4,0,1
0,0,0,1,1,453,583,0,8352,12001,0,1,0,92,1,2,1,1,3,0,0
0,1,0,0,1,62,2,1,1023,22305,0,1,0,110,1,1,0,0,2,1,1
0,0,0,0,1,1982,99,242,202,29319,0,1,0,29,1,2,1,0,3,1,0
0,0,0,0,1,214960,657,1156,1160,2525,0,1,0,64,1,50,142,0,4,1,0
0,0,0,0,1,3340,839,185,964,24706,0,0,0,88,1,1,1,1,2,1,0
0,0,0,1,1,885,467,31,1222,10308,0,0,0,88,1,0,0,0,3,1,1
0,1,0,1,1,1130,1583,12,5946,34593,0,1,0,90,1,0,0,2,1,0,1
0,0,1,1,1,606,1209,107,19128,98135,0,0,0,92,1,1,1,1,3,1,0
0,1,0,1,1,254,244,25,28013,38112,0,1,0,90,1,1,0,0,3,1,1
0,0,0,1,1,1252,270,8,1305,5473,0,1,0,88,1,3,3,1,2,0,0
0,0,0,0,0,8736,258,526,679,36183,0,0,0,88,1,1,0,2,2,1,0
0,0,0,1,1,576,1108,74,270,7285,0,0,0,88,1,0,0,1,3,1,1
0,0,0,1,1,259,203,4,4172,1720,0,0,0,88,1,1,1,0,4,0,0
0,1,1,1,1,328,291,8,15677,9255,0,1,0,88,1,1,2,0,1,0,1
0,0,0,0,1,212,403,4,131,1379,0,0,0,29,1,1,1,1,3,1,0
0,0,0,0,1,30,426,0,327,1899,0,1,0,93,1,1,1,2,3,0,0
0,0,0,0,1,103,330,0,66,227,0,1,0,93,1,1,1,1,5,1,1
0,1,0,1,1,1254,120,19,4932,6112,0,1,0,92,1,0,0,2,4,0,1
0,1,1,1,1,58,137,5,1898,4695,0,1,0,90,1,1,0,0,6,1,1
0,0,0,1,1,3126,2466,18,38286,62150,0,1,0,93,1,0,1,1,1,0,0
0,0,0,1,1,1041,1118,25,56161,22636,0,1,0,93,1,1,1,0,7,1,1
0,0,0,0,1,571,336,5,5044,5992,0,1,0,88,1,1,2,0,1,0,0
0,0,0,1,1,268,423,2,54394,18144,0,1,0,88,1,1,0,3,2,0,0
0,0,0,1,1,4638,2901,142,7725,14328,0,0,0,88,1,1,1,0,5,2,0
0,0,1,1,1,200,682,5,19441,7521,0,1,0,93,0,0,1,1,1,0,0
0,0,0,0,1,946,4655,4,2166,4552,0,0,0,88,1,1,1,0,11,0,0
0,0,0,0,1,5041,1259,49,939,13669,0,0,0,88,1,4,5,2,3,1,0
0,0,0,0,1,1108,2298,7,1278,7030,0,0,0,90,0,1,1,0,3,1,0
0,1,0,0,1,8660,1437,156,50221,26178,0,1,0,90,1,2,10,0,3,1,0
1,0,0,1,1,2593,2209,76,19680,29528,0,0,0,93,1,1,1,2,7,1,0
0,0,0,0,1,1988,3890,22,15759,15830,0,1,0,93,1,1,0,1,2,1,0
0,0,0,0,1,304,590,44,1796,5586,0,1,0,37,1,1,0,0,6,1,1
0,0,0,0,1,3126,290,140,5139,2120,0,0,0,93,1,2,1,0,4,0,0
0,0,0,0,0,15572,1438,557,2881,7977,0,0,0,29,1,1,2,3,4,1,0
0,0,0,0,1,1760,411,59,1284,5379,0,0,0,70,1,1,3,1,1,1,0
0,0,0,0,1,39,30,0,9,373,0,1,0,88,1,1,0,0,2,0,1
0,0,0,0,1,0,0,0,1,43,1,1,0,88,1,1,0,0,5,1,1
0,1,0,1,1,10,53,0,134,100,1,1,0,88,1,0,0,3,2,0,1
0,0,0,0,1,66,157,1,583,586,0,1,0,88,1,2,2,0,4,1,1
0,0,0,1,1,10678,8639,12,74443,101543,0,1,0,93,1,5,5,0,2,0,0
0,1,0,1,1,2,0,0,0,1178,0,1,0,43,1,1,1,0,5,1,1
0,0,0,1,1,414,693,15,46457,7815,0,1,0,90,1,1,3,0,3,0,0
0,1,0,0,1,473,193,4,444,3541,0,1,0,88,1,0,0,1,1,1,1
0,0,0,0,1,176,342,1,1456,754,0,1,0,93,1,1,0,0,3,0,0
0,0,0,0,1,274,590,1,247,748,0,1,0,90,1,1,0,0,19,1,1
0,0,0,1,1,2757,4999,2,3,4724,0,1,0,88,1,1,0,0,15,1,1
0,0,0,1,1,372,1020,1,35481,6554,0,1,0,93,1,1,3,0,1,0,0
0,1,0,1,1,1591,1732,9,17284,15486,0,1,0,88,1,0,1,0,3,1,1
0,1,0,1,1,944,1954,31,54763,19346,0,0,0,90,1,0,0,0,2,1,1
0,0,0,1,1,3,144,0,100,122,1,1,0,90,1,1,1,0,4,0,1
0,1,1,1,1,210,203,10,382,310,0,1,0,88,1,1,1,1,3,1,1
0,0,0,0,1,165,148,0,324,448,0,0,0,88,1,2,0,1,1,0,0
0,0,0,1,1,18,41,1,2793,4045,0,1,0,88,1,0,0,3,1,0,1
0,0,0,1,1,210,240,5,720,4512,0,1,0,93,1,1,0,0,3,1,1
0,1,1,1,1,1441,3137,30,25565,42717,0,1,0,90,1,0,0,3,2,1,1
0,0,0,1,1,235,250,20,4355,7797,0,0,0,93,1,2,2,1,1,1,0
0,0,0,1,1,6253,6879,18,303138,283497,0,0,0,88,1,0,0,3,2,0,0
1,0,0,0,1,7295,808,127,803,9368,0,0,0,29,1,1,1,3,2,0,0
0,0,0,0,0,56060,5889,389,44480,32518,0,0,0,93,1,10,40,0,5,1,0
0,0,0,0,1,567,1769,0,22,1258,1,1,0,3,1,1,0,0,5,0,1
0,1,0,0,0,449324,106,2059,199,441038,0,0,0,88,1,3,13,1,4,1,0
0,0,0,1,1,3030,3014,0,10272,19097,1,1,0,90,1,4,8,1,3,0,0
0,1,0,1,1,16183,2924,28,2441,7140,0,0,0,80,1,1,4,0,2,1,0
0,0,0,0,1,7,1,0,0,209,0,1,0,30,1,1,1,0,6,1,1
0,0,0,0,1,5,22,0,29,43,1,1,0,88,1,0,0,1,3,0,1
0,0,0,1,1,374,979,9,2018,15845,0,0,0,88,1,0,0,1,2,0,0
0,0,0,0,1,23264,2827,520,5527,28020,0,0,0,30,1,1,1,1,5,1,0
0,1,0,1,1,82,472,0,4669,4379,0,1,0,90,1,1,1,0,3,1,1
0,0,0,0,1,3631,680,59,1745,3094,0,0,0,88,1,1,1,2,5,1,0
0,0,0,0,1,367,564,32,1355,1506,0,0,0,93,1,1,3,2,2,0,0
0,0,1,1,1,22,72,0,15728,9833,0,1,0,93,1,0,0,4,3,0,1
0,1,0,0,1,7,96,0,58,235,0,1,0,90,1,1,0,0,4,0,1
0,1,1,1,1,122,833,5,13594,11137,0,1,0,92,1,0,0,10,12,1,1
0,1,0,1,1,8330,26540,22,0,24945,0,1,0,70,1,1,1,0,20,1,1
0,0,0,0,1,3182,3336,14,2554,31659,0,1,0,121,1,2,1,0,3,1,0
0,0,0,0,1,42,221,0,61,78,0,1,0,29,1,1,0,0,8,0,1
0,0,0,0,1,79,194,1,714,3745,0,0,0,88,1,1,1,0,4,1,0
0,1,0,1,1,21,0,1,0,479,0,1,0,88,1,1,1,0,2,0,1
0,0,0,0,1,2,201,0,113,128,0,1,0,88,1,1,0,1,2,1,1
0,0,0,0,1,662,108,17,374,25457,0,1,0,29,1,1,1,0,2,1,0
0,0,0,0,1,5821,1272,143,2432,50747,0,0,0,29,1,1,1,0,2,1,0
0,0,0,0,1,1,26,0,0,2,1,1,0,93,1,1,1,0,9,1,1
0,0,0,1,1,611,231,1,965,13206,0,1,0,88,1,1,3,0,3,1,0
0,0,0,0,1,289,240,5,363,5470,0,1,0,80,1,1,0,0,5,1,0
0,0,0,0,1,769,899,28,287,1446,0,0,0,30,1,1,0,1,3,1,0
0,1,1,1,1,147,56,0,34,5713,0,1,1,49,1,1,1,0,1,1,1
0,0,0,1,1,1818,1627,3,121662,68027,0,0,0,93,1,1,0,0,2,1,0
1,0,0,1,1,1145,878,0,15,112,1,1,0,90,1,0,0,3,1,0,1
0,0,0,0,1,1536,701,28,239,11551,0,0,0,88,1,2,1,1,2,2,0
0,0,0,1,1,2508,3981,2,138739,36477,0,0,0,93,1,0,0,2,6,0,0
0,0,0,1,1,421,402,3,26413,64646,0,0,0,90,1,1,0,0,2,0,0
0,0,0,0,1,6833,2962,278,20118,33231,0,0,0,12,1,1,1,2,3,1,0
0,0,0,1,1,1056,2536,4,7376,4267,0,1,0,93,1,1,4,0,1,0,0
0,1,0,1,1,3,1,0,0,65,1,1,0,90,1,1,0,0,16,1,1
0,0,0,1,1,56,142,1,1740,143,0,1,0,93,1,1,1,1,2,0,0
0,0,0,0,1,3566,834,82,614,5575,0,0,0,88,1,3,2,1,8,1,0
0,0,0,0,0,1207840,533,3221,218,983410,0,0,0,88,1,2,27,1,2,0,0
0,1,1,1,1,78,389,4,15858,7867,0,1,0,90,0,0,1,13,2,0,1
0,1,0,1,1,40,3,2,1057,2083,0,1,0,90,1,0,0,0,4,1,1
0,0,0,1,1,502,150,9,107,2159,0,0,0,93,1,1,2,0,1,0,0
0,1,0,0,1,93,793,2,107,372,0,1,0,90,1,1,2,0,18,0,1
0,1,0,1,1,7,45,0,235,68,1,1,0,93,1,1,1,1,2,0,1
0,0,0,1,1,30,118,0,2461,585,1,1,0,93,1,1,1,1,3,0,1
0,0,0,1,1,262,260,93,1024,81190,0,1,0,93,1,1,1,0,4,1,0
0,1,0,0,1,5745,21,63,403,1084,0,1,0,88,1,1,5,2,3,1,0
1,1,0,1,1,407,1499,18,31714,40494,0,1,0,93,1,0,0,0,2,1,1
0,1,0,1,1,1686,1819,0,7563,16167,0,1,0,90,1,0,0,1,2,0,1
0,0,0,0,1,372,2359,2,946,196,1,1,0,92,1,0,1,0,4,1,1
0,0,0,0,1,3361,769,194,21584,141217,0,0,0,93,1,1,1,0,3,0,0
0,1,1,1,1,79,191,0,7,51,0,0,0,88,1,1,5,0,6,1,1
0,0,0,0,0,45278,2971,143,76076,31462,0,0,0,93,1,13,56,0,3,0,0
0,1,0,1,1,298,371,2,6344,783,1,1,0,93,1,1,1,1,4,0,0
0,1,1,1,1,177,529,1,1182,10668,0,1,0,88,1,1,1,0,3,1,1
0,1,0,1,1,9,0,0,0,778,0,1,0,28,1,1,1,0,7,1,1
0,0,0,0,1,8693,1763,60,53,56406,0,1,0,28,1,2,1,0,7,1,1
0,0,0,0,1,1013,959,54,955,117183,0,0,0,34,1,1,1,0,3,1,0
0,0,0,1,1,1150,1687,14,9298,16359,0,0,0,93,1,0,1,0,6,1,1
0,1,0,0,1,5,20,0,0,129,1,1,0,88,1,1,2,0,4,0,1
0,1,0,1,1,63,367,0,1598,1673,1,1,0,90,1,1,1,0,3,1,1
0,0,0,0,1,1235,925,98,3061,65967,0,0,0,123,1,1,1,0,2,1,0
0,0,0,1,1,378,664,2,16851,8867,0,0,0,93,1,1,1,0,2,1,0
0,1,0,1,1,656,2499,0,22185,28608,0,1,0,93,1,0,1,1,2,0,1
0,0,0,0,0,6221,1128,165,1969,10632,0,0,0,81,1,2,2,0,2,1,0
0,0,0,1,1,121,766,4,3901,5285,0,1,0,93,1,0,0,0,1,1,1
0,1,1,1,1,4,98,0,3127,177,0,1,0,93,1,0,0,4,5,1,1
0,0,0,0,1,391,315,150,33,26421,0,0,0,88,1,1,1,0,5,1,0
0,0,0,0,1,38262,761,320,55132,16340,0,0,0,88,1,42,115,0,2,0,0
0,1,0,1,1,9,23,0,218,1749,0,1,0,88,1,1,2,1,2,1,1
0,0,0,0,1,32,202,0,18,435,0,1,0,88,1,1,0,0,12,1,1
0,0,0,0,1,5575,3460,133,89024,28627,0,0,0,88,1,0,0,0,2,1,0
0,0,0,1,1,94,103,2,4692,5298,1,1,0,90,1,1,1,0,2,0,1
0,0,0,1,1,1361,3906,14,132130,117367,0,0,0,93,1,1,1,0,2,1,0
0,0,0,0,1,770,336,10,1778,1691,0,1,0,88,1,1,1,0,10,1,0
0,0,0,0,1,4666,4297,17,6804,26232,0,0,0,88,1,1,2,1,2,1,0
0,0,0,1,1,703,1057,11,73781,11214,0,1,0,93,1,0,0,0,5,1,1
0,1,0,0,1,1717,2582,63,4148,20172,0,1,0,88,1,0,0,2,5,1,1
0,0,0,0,1,363,595,5,52041,6325,0,0,0,90,1,2,1,0,7,1,0
0,1,0,1,1,1,5,0,0,20,1,1,0,90,1,1,1,0,7,0,1
0,1,0,1,1,1369,4999,91,45874,41085,0,0,0,92,1,0,0,1,1,0,0
0,1,0,1,1,186,182,0,455,169,0,1,0,93,1,2,3,0,7,1,1
0,0,0,0,1,769,486,13,462,3677,0,1,0,29,1,2,1,0,6,1,0
0,0,0,0,1,6635,2387,138,6163,6533,0,0,0,12,1,1,1,1,3,1,0
0,1,0,0,1,1197,2329,0,189,474,0,1,0,90,1,1,1,0,6,1,1
0,0,0,0,1,8171,4470,5,23793,11899,1,1,0,93,1,1,2,1,2,0,0
0,0,0,1,1,9,27,0,16,149,1,1,0,90,1,1,1,0,2,1,1
0,1,0,1,1,985,1015,12,1586,13648,0,0,0,90,1,0,0,2,7,0,1
0,0,0,0,0,8917,2469,146,4018,11882,0,0,0,70,1,6,14,0,3,0,0
0,1,0,1,1,0,8,0,4,7,0,1,1,93,1,0,0,1,2,0,1
0,0,0,0,1,23,107,2,90,283,0,0,0,88,1,1,1,0,6,0,1
0,1,0,0,1,2106,3592,37,149473,32077,0,0,0,93,1,1,3,0,3,0,0
0,0,0,0,1,18012,194,239,2530,52174,0,0,0,86,1,1,2,0,2,0,0
0,1,0,1,1,4209,396,41,4564,1914,0,1,0,93,1,1,4,0,1,0,0
0,0,0,0,1,3027,5001,36,107724,36434,0,1,0,90,0,4,11,5,5,1,0
0,0,0,0,1,4326,3999,117,126888,283001,0,0,0,88,1,0,0,2,2,1,0
0,0,0,0,1,1006,4787,10,4568,14024,0,0,0,88,1,1,1,1,20,1,0
0,0,0,0,1,6432,3993,136,29020,8792,0,0,0,88,1,20,51,0,3,0,0
0,0,0,1,1,2109,4673,13,115208,31654,0,1,0,88,1,0,1,2,1,1,0
0,0,0,1,1,3681,5003,15,107018,57124,0,1,0,93,1,15,24,0,4,1,0
0,0,0,1,1,23103,25419,55,114890,59955,0,0,0,93,0,2,27,0,1,1,0
0,0,0,0,1,2485,257,32,170,2443,0,0,0,29,1,2,4,0,1,1,0
0,0,0,1,1,317,424,2,3952,4861,0,0,0,88,1,0,0,4,6,2,0
0,0,0,0,1,7807,8259,140,93,13170,0,0,0,29,1,1,1,1,4,1,0
0,0,0,0,1,9545,1824,108,2094,3708,0,0,0,29,1,1,2,0,7,1,0
0,0,0,0,1,30219,19573,309,1279,33250,0,0,0,29,1,1,1,0,2,1,0
0,0,0,1,1,487,656,0,50080,8416,0,1,0,90,1,1,5,0,2,0,0
0,0,0,0,1,302,668,15,2770,13699,0,1,0,90,1,1,2,0,3,1,0
0,0,0,0,1,533,668,8,567,749,0,1,0,29,1,1,1,0,2,1,0
0,0,0,0,1,2,3,0,0,64,1,1,0,17,1,1,1,0,3,1,1
0,0,0,0,1,171,851,0,30,100,1,1,0,68,1,0,0,0,6,1,1
0,0,0,0,1,542,1509,0,7426,203,1,1,0,88,1,1,2,0,13,1,1
0,0,0,1,1,4257,6608,2,0,29159,0,0,0,70,1,2,2,0,18,1,1
0,0,0,0,0,77543,6102,0,9821,54704,0,0,0,70,1,2,1,5,4,1,0
0,1,0,1,1,428,294,18,776,25036,0,0,0,59,1,0,0,0,2,1,1
0,1,0,0,1,111,436,2,165,1753,0,1,0,75,1,1,1,1,5,1,1
0,1,0,0,0,743429,311,1989,250,425430,0,0,0,88,1,2,6,0,2,1,0
0,0,0,0,0,9670,11,75,131,22158,0,1,0,88,1,2,3,0,4,1,0
0,1,1,1,1,2,16,0,64,484,1,1,1,93,1,1,1,0,10,1,1
0,0,0,0,0,952,163,12,3030,3583,0,1,0,93,1,0,1,0,4,1,0
0,0,0,0,1,1315,1099,30,1195,4219,0,0,0,88,1,1,3,0,2,1,0
0,0,0,0,1,1500,2568,14,26895,19901,0,1,0,93,1,1,2,0,2,1,0
1,0,0,1,1,133,93,30,6773,84070,0,1,0,93,1,0,0,0,2,1,1
0,0,0,0,1,21,96,0,10,187,0,1,0,90,0,2,2,0,18,0,1
1,0,0,0,0,30140,863,228,14,42767,0,0,0,86,1,2,2,2,1,1,0
0,0,0,1,1,9212,402,216,7594,34330,0,0,0,80,1,4,3,0,2,1,0
0,0,0,0,1,458,222,15,303,10872,0,1,0,88,1,1,1,0,2,2,0
0,0,0,0,1,3683,191,68,693,2064,0,1,0,68,1,2,1,0,3,1,0
0,0,0,1,1,4142,2395,70,4559,110671,0,0,0,88,1,1,1,0,1,0,0
0,0,0,0,0,55561,6419,1496,18804,64065,0,0,0,88,1,1,5,1,3,1,0
0,0,0,0,1,1770,82,11,7244,25684,0,0,0,76,1,1,1,0,6,2,0
0,0,0,0,1,6435,196,0,163,677,0,1,0,88,1,1,1,0,13,1,1
0,0,0,1,1,1339,238,60,13955,23161,0,0,0,93,1,0,0,1,5,0,0
0,0,0,0,1,47,51,0,39,100,0,0,0,90,0,3,1,0,3,0,1
0,0,0,0,1,6991,903,59,39807,23524,0,1,0,88,1,3,8,0,3,1,0
0,0,0,1,1,267,510,34,835,3393,0,0,0,88,1,0,0,1,1,0,0
0,0,0,0,1,2857,2516,83,409,21022,0,0,0,12,1,1,1,0,3,1,0
0,0,0,0,1,6397,6947,102,17358,34366,0,0,0,90,1,1,2,1,2,1,0
0,0,0,1,1,1513,3948,10,31902,7820,0,0,0,93,1,0,0,0,3,0,0
0,0,0,0,1,523,608,6,136,14366,0,0,0,88,1,2,1,0,5,1,0
0,1,1,1,1,16,50,1,0,35211,1,1,1,122,1,1,1,0,6,1,1
0,1,0,0,1,2061,1148,18,1038,1150,0,1,0,70,1,1,6,0,4,0,0
0,1,0,1,1,23,138,1,568,1074,0,1,0,93,1,1,1,0,2,0,1
0,0,0,0,0,14816,210,197,692,28115,0,1,0,88,1,2,3,0,2,0,0
0,0,0,1,1,127,260,1,30128,24403,0,1,0,90,1,0,0,0,2,1,1
0,1,0,1,1,1,0,0,0,191,0,1,0,29,1,1,1,0,10,1,1
1,0,0,0,0,25524507,1236,135488,749,900603,0,0,0,87,1,32,76,0,6,1,0
0,0,0,1,1,374,333,3,14371,8376,0,1,0,88,1,0,1,3,2,0,0
0,0,0,0,1,863,104,2,0,8475,0,1,0,70,1,2,3,0,20,1,1
0,1,1,1,1,8,24,0,1032,764,0,1,0,93,1,0,1,2,2,1,1
0,1,0,1,1,496,4982,0,29052,26076,0,1,0,90,1,1,1,1,5,1,1
0,1,0,0,1,53,0,0,1,31,1,1,0,88,1,1,2,0,15,1,1
0,0,0,0,1,6082,135,205,2498,77236,0,0,0,88,1,1,1,1,6,0,0
0,0,0,1,1,1181,82,58,5724,28011,0,0,0,90,1,0,0,0,1,1,1
0,0,0,0,1,2500,393,62,623,4722,0,1,0,88,1,1,4,2,2,1,0
0,0,0,1,1,1090,629,6,24249,24326,0,1,0,93,1,0,2,0,1,1,1
0,0,0,0,1,3615,5000,11,73121,17492,0,1,0,92,1,4,28,0,2,0,0
0,0,0,0,1,135,665,1,37,4827,0,1,0,29,1,1,2,0,25,0,1
0,1,1,1,1,23,176,0,172,35,1,1,0,93,1,1,4,0,6,0,1
0,1,0,1,1,324,544,12,12466,30338,0,1,0,88,1,0,0,0,1,1,1
1,1,0,1,1,44,196,1,612,335,0,1,0,92,1,0,1,2,6,0,1
0,1,0,1,1,5184,5207,23,48544,108197,0,1,0,88,1,3,3,10,1,1,0
1,0,0,1,1,24,55,0,74,1021,0,1,0,93,1,1,1,0,13,0,1
1,0,0,0,1,56526,3559,0,4790,15159,0,0,0,29,1,3,5,1,4,1,0
0,0,0,1,1,0,168,0,2095,4028,0,0,0,88,1,0,0,1,11,1,1
0,1,1,1,1,245,400,0,25906,7313,0,1,0,92,1,1,1,0,3,1,1
0,0,0,0,1,2066,907,116,215,15587,0,0,0,29,1,1,1,0,5,1,0
0,0,0,0,1,2700,937,69,2982,9218,0,0,0,35,1,2,3,1,1,1,0
0,0,0,1,1,315,376,8,53803,46135,0,1,0,88,1,3,3,9,8,1,0
0,1,0,1,1,470,374,0,14637,34616,0,1,0,90,1,1,1,0,2,0,1
0,1,0,0,1,119,144,3,3,97630,0,1,0,88,1,1,1,0,18,1,1
0,0,0,0,1,2951,5000,58,27823,22817,0,0,0,88,1,1,1,0,2,0,0
0,1,0,0,1,8,4,0,252,477,0,1,0,93,1,1,1,0,22,1,1
1,0,0,0,1,446,304,15,194,1108,0,0,0,55,1,1,1,0,2,2,0
0,1,1,1,1,19,3,0,39,1262,0,1,0,88,1,3,2,1,12,1,1
0,0,0,1,1,968,1714,24,21322,28366,0,0,0,90,1,0,0,0,2,1,1
0,0,0,1,1,21,77,0,1022,1799,0,1,0,90,1,1,1,0,2,1,1
0,0,0,0,1,1263,186,0,13364,1414,0,1,0,90,1,2,1,0,12,0,0
0,0,0,0,1,4605,4597,37,59052,64519,0,0,0,88,1,1,3,0,1,1,0
0,0,0,0,1,7743,8512,208,12142,75653,0,0,0,88,1,0,0,0,3,5,0
0,1,0,0,1,674,236,8,730,1596,0,1,0,90,1,1,2,0,8,1,1
0,0,0,0,1,33,138,1,52,1182,0,1,0,88,1,1,1,0,14,1,1
0,0,0,0,1,2259,2909,958,21278,225128,0,1,0,88,1,1,1,1,2,1,0
0,0,0,1,1,169,439,1,308,430,1,1,0,90,1,2,1,1,9,1,1
0,0,0,1,1,31,225,3,1361,4022,0,1,0,88,1,1,3,2,3,0,0
0,0,0,0,1,57,163,0,4,709,0,0,0,29,1,1,1,0,3,1,1
0,0,0,1,1,4288,4382,0,8405,2358,0,1,0,88,1,4,18,0,4,0,0
0,0,0,0,1,8,5,0,1,449,0,0,0,29,1,2,2,0,11,1,1
0,0,0,0,1,264,171,2,211,549,0,1,0,29,1,2,3,0,2,0,0
0,0,0,0,1,14,4,0,80,150,0,1,0,12,1,1,1,0,3,1,1
0,1,0,1,1,506,602,18,18898,25401,0,1,0,88,1,1,0,2,14,0,1
0,0,0,0,1,696,609,20,35,7613,0,1,0,29,1,1,1,0,1,1,1
0,0,0,0,1,933,811,27,3330,8450,0,0,0,12,1,1,1,1,6,1,0
0,0,0,0,0,72978,709,402,4381,21662,0,0,0,88,1,2,2,1,5,1,0
0,1,0,1,1,109,142,1,86,740,0,1,0,90,1,2,2,0,6,1,1
0,0,0,0,1,150,193,1,94,419,0,0,0,88,1,1,2,0,17,0,1
0,0,0,0,1,86557,34509,78,413,57921,0,0,0,70,1,1,1,0,19,1,0
0,0,0,0,0,13137,1535,211,27438,29759,0,1,0,88,1,1,5,1,2,1,0
0,1,0,1,1,740,493,151,51291,376931,0,0,0,83,1,1,1,1,1,1,0
0,1,0,0,1,1569,1056,44,31506,13790,0,0,0,88,1,1,1,0,2,0,0
0,1,0,1,1,9,8,0,113,92,1,1,0,90,1,3,5,0,4,1,1
0,0,0,0,0,3832,621,0,137,3121,0,0,0,93,1,1,1,0,3,0,0
0,0,0,0,1,84,719,0,2,377,0,1,0,88,1,1,1,0,19,1,1
0,0,0,0,1,1540,460,9,17582,5445,0,1,0,93,1,1,3,4,6,0,0
0,0,0,0,1,620,950,13,3857,10755,0,0,0,88,1,1,1,0,8,1,0
0,1,1,1,1,3477,697,18,7238,125,0,1,0,95,1,1,4,0,3,0,1
0,0,0,0,1,82757,71244,106,28,34179,0,1,0,70,1,1,1,0,18,1,1
0,1,0,1,1,2020,1209,0,2649,864,0,1,0,90,1,0,1,2,2,0,1
0,1,0,0,1,1407,0,0,1,23640,0,0,0,88,1,2,3,0,21,1,1
0,0,0,1,1,6,58,0,38,49,0,1,0,90,1,1,2,0,20,0,1
0,0,0,1,1,255,532,23,8809,32314,0,1,0,92,1,1,2,0,2,1,0
0,0,0,0,1,3,1,0,43,191,0,1,0,88,1,1,2,0,14,1,1
0,0,0,1,1,11,131,0,3,86,1,1,0,88,1,1,1,0,9,0,1
0,0,0,0,0,51292,65,895,2750,16974,0,0,0,38,1,1,1,0,2,1,0
0,0,0,1,1,83,108,0,6234,5213,0,1,0,93,1,0,0,1,1,0,1
0,0,0,1,1,403,2677,0,1928,3866,1,1,0,93,1,0,0,4,1,0,1
0,1,0,0,1,4308,198,178,1070,55457,0,0,0,84,1,1,3,0,1,0,0
0,1,1,1,1,74,793,0,40,430,0,1,0,88,1,1,1,0,1,1,1
0,1,0,0,1,7,2,1,4,862,0,1,0,88,1,1,1,0,6,0,1
0,0,0,0,0,4286,240,104,182,7325,0,0,0,80,1,1,3,0,2,1,0
0,0,0,0,1,2540,293,20,1392,4847,0,0,0,80,1,1,1,0,7,0,0
0,1,0,1,1,232,133,4,2091,2017,0,1,0,90,1,1,2,0,19,2,1
0,1,0,1,1,1773,2321,0,22104,15013,0,0,0,90,1,1,2,0,1,1,1
0,0,0,1,1,202,17,4,432,1569,0,0,0,88,1,2,2,1,2,0,0
0,1,0,1,1,1716,2410,7,41336,20219,0,1,0,93,1,0,0,0,4,1,1
0,1,1,1,1,139,210,0,3084,8002,0,1,0,88,1,0,1,1,1,0,1
0,0,0,0,1,7706,971,34,23372,2132,0,1,0,90,1,1,1,2,3,1,0
0,0,0,1,1,11,41,1,625,1362,0,1,0,88,1,0,0,3,5,0,1
0,0,0,1,1,241,1923,13,15569,12255,0,0,0,93,1,0,0,1,1,0,0
0,0,0,0,1,2735,3407,4,16381,47254,0,1,0,93,1,3,5,0,4,0,0
0,1,0,0,1,2690,2772,74,3982,11130,0,0,0,80,1,2,1,0,11,1,0
0,1,1,1,1,0,3,0,0,1,1,1,0,80,1,1,1,0,7,0,1
0,1,1,1,1,264,286,0,15420,12220,0,1,0,88,1,7,15,3,2,0,1
0,0,0,0,1,10035,1977,194,1061,3602,0,1,0,88,1,1,1,1,3,1,0
0,0,0,0,1,4822,1157,10,4683,4342,0,0,0,88,0,1,9,0,2,0,0
0,0,0,0,1,34,20,0,90,1073,0,1,0,88,1,1,1,0,3,0,1
0,0,0,1,1,1415,3066,19,5785,9824,0,1,0,93,1,1,3,0,8,0,0
0,0,0,1,1,72,270,0,5623,770,0,1,0,90,1,3,7,2,4,0,1
0,0,0,0,1,283,363,26,2,10165,0,0,0,46,1,3,1,0,3,1,0
0,1,0,1,1,64,517,0,616,280,0,1,0,93,1,1,1,0,3,0,1
0,1,1,1,1,136,134,0,0,4083,0,1,0,112,1,1,1,0,3,1,1
0,0,0,0,0,8829,170,4,52,6058,0,0,0,88,1,1,1,0,12,0,0
0,0,0,0,1,6,35,0,39,131,0,1,0,88,1,1,1,0,7,1,1
0,0,0,0,1,9508,39,35,9662,5959,0,0,0,88,1,1,4,0,15,1,0
0,0,0,1,1,27,101,0,5633,1380,0,1,0,93,1,0,0,0,1,0,1
0,0,0,0,1,29524,9085,158,30202,16664,0,0,0,93,1,644,1105,0,4,0,0
0,0,0,0,1,87,694,1,419,3426,0,1,0,88,1,2,1,0,7,1,1
0,0,0,1,1,128,420,0,1270,2616,0,0,0,93,1,1,1,0,1,0,0
0,1,1,0,1,243,787,1,46,805,0,0,0,88,1,2,2,0,4,0,1
0,0,0,0,1,656,361,2,174,17088,0,0,0,50,1,3,1,0,3,1,0
0,1,0,0,1,224,989,13,17431,9630,0,0,0,93,1,1,1,0,2,0,0
0,0,0,0,1,297,191,7,435,184,0,1,0,88,1,5,8,3,4,0,0
0,0,0,0,1,2546,4981,13,24670,24367,0,1,0,92,1,2,1,1,12,0,0
0,1,0,1,1,265,80,12,54796,46875,0,1,0,90,1,1,1,1,9,0,0
0,0,0,1,1,2,28,0,4,23,0,1,0,90,1,1,1,1,2,0,1
0,0,0,0,1,222876,711,808,2640,21707,0,0,0,88,1,95,650,0,2,0,0
0,0,0,1,1,1,0,0,0,27,1,1,0,88,1,1,1,0,8,0,1
0,1,0,0,1,41,0,0,135,2843,0,0,0,74,1,1,1,0,3,1,1
0,1,0,0,1,2932,59,16,2678,5766,0,1,0,88,1,0,0,3,5,0,0
0,0,0,0,1,601,389,210,53411,51941,0,0,0,93,1,1,2,0,5,0,0
0,0,0,0,1,30,170,0,63,642,0,1,0,30,1,1,1,0,1,1,1
0,1,0,1,1,1138,2678,9,61260,21619,0,1,0,90,1,0,1,0,2,1,1
0,1,0,1,1,43,672,0,3620,149,1,1,0,92,1,0,1,5,2,0,1
0,0,0,1,1,419,1218,0,618,708,0,1,0,90,1,1,2,0,3,0,0
0,0,0,0,1,1757,1872,75,13199,29688,0,0,0,93,1,0,0,3,2,0,0
0,0,0,0,1,2543,397,8,138,829,0,1,0,93,1,4,20,0,4,1,1
0,0,0,0,1,4005,533,105,2689,10833,0,0,0,29,1,1,3,0,4,1,0
0,1,0,0,1,50,180,0,0,43,1,1,0,62,1,1,1,1,3,1,1
0,0,0,0,1,571,509,1,685,3646,0,1,0,88,1,1,1,4,6,1,0
0,0,0,0,1,690,822,15,348,6891,0,0,0,29,1,1,1,0,8,1,0
0,0,0,0,1,5502,5783,79,58,133377,0,1,0,61,1,1,1,0,7,1,1
0,0,0,0,1,2323,3859,24,438,1307,0,1,0,88,1,1,4,2,5,1,0
0,0,0,0,1,974,322,9,566,618,0,1,0,93,1,4,14,2,1,1,0
0,0,0,1,1,167,5,0,7240,30304,0,1,0,90,1,2,2,1,5,1,0
0,0,0,0,1,1,0,0,3,13,1,1,0,88,1,2,1,0,7,1,1
0,0,0,1,1,251,787,1,15166,8002,0,1,0,93,1,0,0,0,7,1,1
0,1,0,1,1,60,197,0,8860,2919,0,1,0,90,1,2,2,1,1,0,1
0,0,0,0,1,3512,12,5,133,876,0,1,0,93,0,3,18,0,12,0,0
0,0,0,0,1,145,124,6,97,58,0,1,0,88,1,1,3,0,2,0,1
0,0,0,0,1,1243,316,36,320,1064,0,0,0,88,1,3,4,3,4,1,0
0,0,0,0,1,223,482,2,3003,2346,0,1,0,88,1,0,0,0,1,0,0
0,0,0,0,1,114,12,2,12,161,0,1,0,88,1,0,0,0,6,0,1
1,1,0,0,1,91,219,1,666,8208,0,1,0,88,1,2,1,0,1,0,1
0,1,0,1,1,3035,3053,28,257862,260256,0,1,0,90,1,1,1,0,12,1,1
0,1,0,0,1,471,1123,0,0,203,1,1,0,88,1,2,1,0,9,1,1
0,0,0,0,1,22482,9173,896,787289,230300,0,0,0,95,1,15,26,0,2,1,0
0,0,0,1,1,2362,1625,119,24287,11276,0,0,0,93,1,1,2,1,2,0,0
0,0,0,0,0,9297,4986,127,12726,32434,0,0,0,88,1,0,1,0,1,0,0
0,0,0,0,1,1091,3438,9,4466,5498,0,0,0,90,1,0,1,0,3,1,0
0,1,0,1,1,230,219,0,75,794,0,1,0,88,1,1,1,0,5,0,1
1,0,0,1,1,31,11,0,1651,6898,0,1,0,88,1,1,1,0,8,0,1
0,0,0,0,1,651,1762,69,1137,2137,0,1,0,67,1,1,1,0,2,0,0
0,0,0,0,0,6962,271,131,7797,5272,0,0,0,88,1,7,8,0,2,1,0
0,0,0,1,1,613,719,8,4224,15470,0,0,0,88,1,0,0,0,1,1,1
0,0,0,0,1,6476,6465,550,151,172435,0,0,0,73,1,1,1,0,2,1,0
0,0,0,1,1,6647,240,68,107185,229185,0,0,0,88,1,1,4,1,1,0,0
0,0,0,1,1,4248,4586,4,23340,14243,0,1,0,93,1,0,1,1,3,1,0
0,1,0,1,1,0,1,0,0,39,1,1,0,88,1,1,1,0,8,0,1
0,1,0,1,1,32,9,0,39,496,0,1,0,90,1,2,2,0,5,0,1
0,1,1,1,1,12,60,0,4265,652,0,1,0,92,1,0,0,4,2,0,1
1,0,0,1,1,207,497,1,3184,6615,0,1,0,90,1,0,0,1,1,0,1
0,1,0,1,1,49,34,0,409,6836,0,1,0,88,1,1,1,0,5,0,1
0,0,0,0,0,456368,35,393,102,306357,0,0,0,102,1,1,4,0,5,1,0
0,0,0,1,1,61,0,1,0,17750,0,1,0,114,1,2,1,0,6,1,1
0,0,0,0,1,262,246,22,13064,11372,0,0,0,88,1,1,1,0,3,0,0
0,0,0,0,1,5573,1038,70,914,5701,0,0,0,69,1,2,3,1,1,1,0
0,0,0,0,1,9529,878,30,6921,4116,0,0,0,92,1,83,223,0,3,0,0
0,0,0,1,1,893,553,9,43775,38509,0,0,0,88,1,1,1,1,5,1,0
0,0,0,0,1,1175,768,30,215372,52080,0,0,0,88,1,0,1,0,5,1,0
1,1,0,1,1,715,4899,38,113542,35783,0,0,0,90,1,1,2,4,2,0,0
0,0,0,0,0,3561285,92,3471,6072,229553,0,0,0,80,1,2,23,5,2,0,0
0,0,0,1,1,4417,4670,17,372280,170362,0,0,0,93,1,0,1,2,3,0,0
0,0,0,0,1,3568,4962,12,31961,38070,0,1,0,88,1,0,0,0,1,0,0
0,0,0,0,1,11878,750,167,16127,39200,0,1,0,88,1,11,48,0,1,1,0
0,0,0,1,1,2638,5007,91,292202,113624,0,0,0,88,1,0,0,1,6,0,0
0,0,0,0,1,6873,1199,114,7090,9379,0,0,0,88,1,1,2,0,7,1,0
1,0,1,1,1,92,337,0,5945,4504,0,1,0,93,1,0,0,2,2,0,1
0,0,0,1,1,150,111,4,2917,42999,0,1,0,93,1,0,0,1,1,0,1
0,0,0,0,1,952,743,8,4146,3650,0,0,0,90,1,0,0,0,3,1,0
0,0,0,1,1,11450,10788,131,547255,249997,0,0,0,93,1,0,0,0,3,1,1
0,0,0,0,1,5200,1784,145,4100,7326,0,0,0,88,1,1,1,0,4,1,0
0,0,0,1,1,10,381,0,382,297,0,1,0,90,1,0,0,0,1,0,1
0,0,0,0,1,244,481,1,2512,458,0,1,0,88,1,0,1,0,1,1,0
0,1,0,1,1,4517,586,4,83832,44695,0,1,0,92,1,1,3,0,2,1,1
0,0,0,0,1,2557,996,0,40159,72069,0,0,0,93,1,1,0,1,5,1,0
0,0,0,0,1,25,226,0,37,120,0,1,0,93,0,0,0,1,7,1,1
0,0,0,0,1,558,850,5,506,1416,0,1,0,88,1,0,0,4,10,0,0
0,1,0,1,1,1611,4945,1,4944,3274,0,1,0,93,0,0,1,0,3,0,0
0,1,0,1,1,66,2,0,0,3007,1,1,0,88,1,0,0,0,5,2,1
0,1,0,1,1,57,3,0,1,2971,1,1,0,88,1,0,0,0,5,2,1
0,0,0,0,1,14636,1874,211,1284,29713,0,0,0,89,1,0,0,1,3,0,0
0,0,0,0,1,11332,11827,520,528,235171,0,0,0,73,1,0,0,0,2,1,0
0,1,0,1,1,129,77,6,19524,10247,0,0,0,88,1,0,0,0,1,0,1
0,1,1,1,1,330,510,0,44,854,1,1,0,93,1,0,0,0,13,1,1
0,0,0,0,0,25809,1033,418,3787,38578,0,0,0,29,1,0,0,0,1,1,0
0,0,0,0,1,42,174,1,21,86,0,0,0,93,0,1,1,1,3,1,0
0,1,0,0,1,212,3,5,39,42231,0,1,0,119,1,0,0,0,15,1,1
0,0,0,0,1,4069,523,121,46,2200,0,0,0,29,1,0,0,0,2,1,1
0,1,0,0,1,322,198,14,52,61387,0,1,0,98,1,0,0,0,3,1,1
0,0,0,0,0,5612,2379,126,9636,7754,0,1,0,41,1,1,6,1,3,1,0
0,0,0,0,1,282,151,6,458,6034,0,1,0,63,1,0,0,0,6,1,1
0,0,0,0,1,18467,1241,192,17889,24842,0,1,0,88,1,4,19,0,4,0,0
0,0,0,0,0,21453,854,261,3648,103178,0,1,0,80,1,0,0,1,2,1,0
0,0,0,1,1,1555,253,0,2980,12379,0,1,0,88,1,3,2,2,2,0,0
0,0,0,1,1,5017,5138,12,46013,12465,0,1,0,93,1,0,1,0,3,0,0
0,1,0,1,1,220,300,0,1971,1505,0,1,0,93,1,0,0,0,2,0,1
0,0,0,1,1,38,64,4,2581,338,0,1,0,90,1,1,3,0,4,0,1
0,1,0,1,1,49,199,0,3840,1768,1,1,0,90,1,0,0,0,1,0,1
0,0,0,0,1,863,320,5,147,2436,0,0,0,29,1,0,0,0,3,1,1
0,0,0,0,1,4390,377,90,45,95339,0,0,0,88,1,0,0,0,3,1,1
0,0,0,1,1,32,178,0,163,316,1,1,0,88,1,0,1,0,12,1,1
0,0,0,1,1,195,490,0,8285,4994,0,1,0,93,1,0,0,1,3,0,1
0,0,0,0,1,6368,522,128,50198,160416,0,0,0,88,1,2,4,0,1,1,0
0,0,0,0,1,240,619,112,1664,2132,0,0,0,88,1,0,0,0,17,1,1
0,0,0,1,1,158,230,4,8533,19297,0,1,0,93,1,0,0,1,2,0,0
0,0,0,1,1,15825,14994,15,52547,89956,0,1,0,93,1,7,6,0,6,0,0
1,0,0,1,1,401,757,53,59356,35966,0,0,0,88,1,0,0,0,3,1,1
0,0,0,1,1,228,104,7,5448,1943,0,0,0,88,1,0,0,0,7,0,1
0,0,0,1,1,130,90,2,5989,12553,0,1,0,88,1,0,0,0,3,1,1
0,0,0,0,1,152,960,3,6942,5286,0,0,0,92,1,0,0,1,3,1,0
0,0,0,1,1,3875,896,51,56354,32669,0,0,0,92,1,0,2,2,2,1,0
0,0,0,0,1,2515,2704,220,78,37706,0,0,0,31,1,1,1,0,2,1,0
0,0,0,0,1,2204,99,192,9900,37193,0,0,0,88,1,1,4,0,3,0,0
0,0,0,0,1,257,609,8,1427,10817,0,0,0,88,1,0,0,0,2,1,0
0,0,0,0,1,1435,4017,60,10912,19252,0,0,0,37,1,1,1,0,3,1,0
0,0,0,0,1,63,224,0,128,234,0,1,0,88,1,1,1,2,3,1,1
0,0,0,0,1,637,67,5,179,1411,0,0,0,90,1,1,1,0,4,0,0
0,0,0,1,1,2351,4480,67,38966,54391,0,0,0,88,1,2,2,0,17,1,0
0,0,0,0,0,1978,364,32,70,907,0,1,0,88,1,0,0,0,5,1,1
0,0,0,0,1,3545,4415,18,30119,13941,0,1,0,93,1,1,1,0,2,0,0
0,0,0,0,1,604,607,32,4756,26760,0,0,0,88,1,0,0,0,1,1,0
1,1,0,1,1,16055,14208,78,64154,265867,0,1,0,92,1,1,1,1,3,1,1
0,0,0,0,1,5,8,0,29,20,0,1,0,8,1,1,2,1,3,1,1
0,0,0,0,1,559,2385,18,10608,35545,0,0,0,90,1,1,1,1,4,0,0
1,0,0,0,1,4389,1801,68,3505,188848,0,0,0,28,1,2,1,0,7,1,0
0,0,0,1,1,1128,176,360,47,192872,0,0,0,88,1,1,1,0,6,0,1
0,0,0,0,0,61737,6,85,212,135622,0,0,0,80,1,2,3,0,8,1,0
0,0,0,0,1,107,82,1,44862,9392,0,1,0,88,1,0,0,1,8,1,1
0,0,0,0,1,881,97,25,1228,3499,0,0,0,88,1,12,18,3,2,0,0
1,0,0,0,1,1049,752,9,1789,27305,0,0,0,88,1,2,1,0,5,2,0
0,0,0,0,1,2704,155,34,10511,21558,0,0,0,98,1,2,2,0,1,1,0
0,0,0,0,1,15,61,0,51,66,0,1,0,93,1,2,2,1,2,0,1
0,0,0,0,1,3049,1606,181,3617,24713,0,1,0,88,1,2,5,3,1,1,0
0,0,0,0,1,1186,1702,7,4419,1448,0,1,0,93,1,1,4,1,3,0,0
1,0,0,0,1,0,1,0,0,7,1,1,0,88,1,1,1,0,1,1,1
0,0,0,0,1,6973,1553,142,7083,24901,0,0,0,90,1,1,3,0,1,1,0
0,0,0,0,1,0,20,0,0,8,1,1,0,88,1,1,1,0,1,1,1
0,0,0,1,1,147,70,7,1014,447,0,1,0,93,1,0,1,2,5,0,0
0,0,0,1,1,118,132,0,11239,2344,0,1,0,88,1,0,2,0,3,1,1
0,0,0,1,1,714,368,13,30840,22530,0,1,0,93,0,1,14,1,2,0,0
0,0,0,1,1,2115,4965,37,10572,14961,0,0,0,88,1,1,1,0,1,0,0
0,1,0,1,1,7593,8238,4,484232,133153,0,1,0,93,1,1,1,0,4,1,1
0,0,0,0,1,43,34,0,258,544,0,1,0,88,1,2,1,0,9,0,1
0,1,1,1,1,2,14,0,1,52,0,1,0,93,1,1,1,0,6,1,1
0,1,0,1,1,405,469,0,8422,17039,1,1,0,90,1,8,9,3,4,1,1
0,0,0,0,1,1677,1043,30,4618,4718,0,0,0,88,1,10,13,2,2,1,0
0,1,1,1,1,379,777,72,117236,179466,0,1,1,90,0,0,0,1,1,0,1
0,0,0,0,1,1599,976,68,321,1818,0,1,0,88,1,8,9,1,2,1,0
0,0,0,0,0,10314,651,203,3503,11975,0,0,0,87,1,2,3,0,2,0,0
0,0,0,1,1,2887,905,110,4207,63686,0,0,0,88,1,1,1,1,1,1,0
0,0,0,0,0,12992,5309,297,9284,50231,0,0,0,29,1,1,1,3,1,1,0
0,0,0,0,1,375,69,1,381,1123,0,1,0,88,1,2,4,1,11,0,0
1,0,0,0,0,49176,19004,0,2461,59049,0,0,0,12,1,1,1,0,2,1,0
0,1,0,1,1,526,1801,1,1321,7773,1,1,0,88,1,0,0,0,1,1,1
0,1,0,1,1,20,571,2,5181,1587,0,1,0,88,1,0,2,2,2,1,1
0,1,0,1,1,176,299,4,13542,1695,0,1,0,90,1,1,1,0,4,0,0
0,1,1,1,1,0,2,0,29,18,1,1,1,88,1,0,0,0,12,1,1
0,0,0,1,1,2818,3344,6,55651,50028,0,1,0,88,1,0,0,0,8,0,1
0,0,0,0,1,15,31,0,28,46,0,1,0,88,1,5,7,5,8,0,1
0,0,0,0,1,243,2048,0,2336,3178,0,1,0,88,1,1,3,0,6,1,1
0,0,0,0,1,101,151,0,813,982,0,1,0,88,1,5,4,0,1,1,1
0,1,0,1,1,570,4470,16,23953,21568,0,0,0,90,1,1,1,1,1,0,0
0,0,0,1,1,729,632,11,14943,28676,0,1,0,88,1,0,0,1,2,0,0
0,0,0,0,1,283,645,2,4241,2076,0,1,0,93,0,4,8,0,5,0,0
0,0,0,0,0,2076648,895,3926,388,669926,0,0,0,80,1,3,9,0,3,1,0
0,0,0,0,1,10271,10256,29,59989,144361,0,0,0,90,1,14,23,0,1,0,0
0,1,0,1,1,30,135,0,842,1077,0,1,0,90,1,1,1,0,6,0,1
0,0,0,1,1,110,167,0,117,1802,0,1,0,90,1,2,2,0,8,0,1
0,1,1,1,1,97,24,1,7212,33321,0,1,1,88,1,1,1,0,18,1,1
0,0,0,1,1,3092,2347,6,9986,4371,0,1,0,93,1,1,13,0,2,0,0
1,0,0,1,0,6136194,245,6697,4442,1063584,0,1,0,88,1,3,9,0,4,0,0
0,0,0,0,1,9777,4302,138,408,31932,0,0,0,72,1,2,1,0,5,1,0
0,0,0,0,1,127,680,4,441,786,0,1,0,93,1,3,6,1,2,1,0
0,0,0,0,1,263,154,5,4234,1259,0,1,0,93,1,0,0,1,2,0,0
1,1,0,0,0,5107,208,8,320,4789,0,1,0,80,1,2,2,0,3,1,0
0,0,0,1,1,102,280,0,138,1658,0,1,0,90,1,1,1,0,7,0,1
1,0,0,0,1,736,827,12,2250,15640,0,1,0,88,1,2,2,0,5,0,0
0,0,0,1,1,155,447,2,43575,11105,0,1,0,88,1,0,0,1,4,1,1
0,0,0,1,1,404,665,6,203539,9490,0,1,0,93,1,0,0,0,5,1,1
0,0,0,0,0,159277,347,619,118,292695,0,0,0,88,1,2,3,0,2,1,0
0,0,0,0,1,5526,46,67,38,40610,0,0,0,88,1,1,0,1,9,1,1
0,0,0,0,1,1592,2495,10,7171,19525,0,0,0,88,1,3,6,0,4,0,0
0,0,0,1,1,3390,4982,30,138639,260203,0,0,0,93,1,0,0,0,8,1,1
0,0,0,1,1,28,1,0,150,1026,0,1,0,93,1,2,1,1,4,1,1
0,1,0,1,1,240,304,3,196,1540,0,1,0,88,1,1,3,0,3,1,1
0,0,0,0,1,3965,3806,9,368,3484,0,0,0,88,1,4,6,0,3,0,0
0,0,0,1,1,676,1229,34,13458,37419,0,0,0,90,1,1,1,0,2,0,0
0,0,0,0,0,264387,53,232,807,2778,0,1,0,93,1,5,19,0,6,1,0
0,1,0,1,1,24712,24250,203,34915,61272,0,0,0,88,1,1,2,0,5,1,0
0,0,0,1,1,374,534,1,16381,30081,0,0,0,88,1,1,2,0,1,0,0
0,0,0,1,1,287,0,2,0,1788,0,1,0,93,1,1,1,0,4,0,1
0,1,0,1,1,4,43,1,0,698,0,1,0,88,1,1,1,1,3,1,1
0,1,0,1,1,295,231,1,54765,65286,0,1,0,93,1,0,0,1,2,1,1
0,1,0,0,0,24859,9,374,62,111213,0,0,0,29,1,1,1,0,3,1,0
0,0,0,1,1,10,99,0,366,695,0,1,0,90,1,4,4,9,1,0,1
0,0,0,0,0,179420,91,531,4825,12692,0,0,0,88,1,2,4,0,2,0,0
0,0,0,0,1,40678,1852,510,1725,17363,0,0,0,80,1,2,2,0,3,1,0
0,0,0,0,0,76187,2809,674,21231,33310,0,0,0,88,1,2,4,2,2,1,0
0,0,0,0,1,12346,333,29,1187,8576,0,0,0,12,1,1,5,0,3,1,0
0,1,0,1,1,108,756,0,9199,1322,1,1,0,93,1,1,1,1,2,1,1
0,0,0,0,1,4763,21,24,228,13129,0,1,0,14,1,1,3,0,4,1,0
0,0,0,1,1,2246,5002,0,80,4115,0,1,0,88,1,1,1,4,21,1,1
0,0,0,1,1,3130,4422,29,29281,31848,0,1,0,93,1,1,1,0,1,1,0
0,0,0,0,0,19062,2670,165,35788,23101,0,0,0,88,1,1,7,0,5,1,0
0,0,0,1,1,1127,2921,0,668,18949,0,1,0,90,1,1,1,1,13,0,0
1,0,0,1,1,18275,17364,6,65649,11929,0,1,0,93,1,0,3,1,3,1,1
0,1,0,1,1,15,22,0,442,2098,0,1,0,31,1,1,3,0,4,1,1
0,1,0,0,1,11,3,0,0,5045,0,1,0,60,1,1,1,0,4,1,1
0,0,0,1,1,27557,10836,29,117442,41762,0,1,0,92,1,22,152,0,2,0,0
0,0,0,1,1,389,345,12,42410,42465,0,0,0,90,1,2,3,0,3,1,0
1,1,0,1,1,11,196,0,1296,1491,0,0,0,80,1,1,1,0,2,0,1
0,0,0,0,1,199,94,5,1,2203,0,1,0,12,1,1,1,2,1,1,0
0,0,0,0,1,24,262,0,89,52,0,1,0,88,1,0,2,1,15,1,1
0,1,0,0,1,2623,325,53,4956,4958,0,1,0,90,1,1,2,0,2,0,0
0,0,0,1,1,51,416,10,21637,7685,0,0,0,90,1,1,1,0,1,0,0
1,0,0,0,1,48127,1855,1032,395,27084,0,0,0,88,1,1,1,0,2,1,0
0,0,0,0,1,447,664,2,685,1209,0,0,0,88,1,1,4,0,3,1,0
0,0,0,0,1,966,1001,16,243,5449,0,1,0,91,1,1,1,0,3,0,0
0,1,0,0,1,10,1,1,4,1683,1,1,0,117,1,1,1,0,3,1,1
0,0,0,0,1,1,21,0,47,47,1,1,0,88,1,1,4,0,3,1,1
0,0,0,1,1,394,919,1,12175,3134,0,1,0,88,1,0,8,1,2,0,0
0,0,0,0,0,3258,209,63,216,12659,0,1,0,80,1,1,2,0,2,0,0
0,0,0,0,1,11145,209,0,652,1823,0,1,0,88,1,13,29,1,4,1,0
0,0,0,1,0,4224504,576,6805,956,181628,0,0,0,80,1,4,12,0,2,0,0
0,0,0,1,1,7358,7901,4,32140,32783,0,1,0,90,1,3,7,0,4,1,0
0,1,1,1,1,108,466,4,23733,3721,0,1,0,93,1,3,6,0,4,1,1
0,0,0,0,1,915,260,77,11484,142127,0,0,0,88,1,1,1,0,2,1,0
0,1,0,1,1,22,41,0,17,2039,0,1,0,66,1,1,2,0,2,1,1
0,0,0,0,0,14517911,459,12838,5,800890,0,0,0,88,1,3,18,0,2,1,0
0,0,0,0,1,1912,298,17,680,1150,0,0,0,41,1,1,1,1,3,1,0
0,0,0,0,1,193425,1049,102,7063,13172,0,0,0,3,1,2,12,0,3,0,0
0,0,0,1,1,2,1,0,70,105,1,1,0,90,1,1,1,0,12,0,1
0,0,0,0,1,334,828,5,2977,683,0,1,0,88,1,1,1,0,3,1,0
0,0,0,0,1,2576,5004,40,624,10932,0,1,0,88,1,6,16,0,4,0,0
0,1,1,1,1,782,1069,15,17893,8307,0,1,0,93,1,1,4,0,3,0,1
0,0,0,1,1,2805,1781,15,26700,12974,0,1,0,93,1,0,1,1,3,1,0
0,1,1,1,1,26,188,0,2459,1247,1,1,0,93,1,0,0,2,4,0,1
0,0,0,0,1,398,566,0,6653,8200,0,1,0,88,1,2,2,0,4,1,0
0,0,0,0,1,412,111,95,39,34244,0,0,0,88,1,1,1,0,6,1,1
0,0,0,0,1,205,376,6,6981,12560,0,0,0,93,1,1,3,0,8,1,0
0,0,0,1,1,804,1033,23,18042,44209,0,0,0,88,1,1,3,0,2,0,0
0,0,0,0,1,1945,1005,3,56005,30311,0,0,0,88,1,2,2,0,4,0,0
0,0,0,0,1,1557,1987,54,48971,53626,0,0,0,90,1,1,1,1,5,1,0
0,0,0,1,1,25,67,1,983,10556,0,0,0,88,1,1,1,0,10,0,1
0,0,0,0,1,158,358,3,114,10970,0,1,0,90,1,1,1,0,4,1,1
0,0,0,0,1,184,238,6,656,6558,0,1,0,88,1,1,1,0,8,1,0
0,0,0,1,1,4556,579,19,168,18958,0,1,0,93,1,0,1,1,3,0,1
0,0,0,0,1,3722,5001,144,123058,27307,0,1,0,92,1,2,6,0,5,0,0
0,1,1,1,1,3,1,0,1,801,0,1,0,88,1,1,2,0,9,1,1
0,0,0,0,1,3349,75,20,100,9298,0,0,0,88,1,1,4,3,1,0,0
0,0,0,1,1,39,192,0,401,4226,1,1,0,88,1,0,0,0,4,0,1
0,0,0,0,1,69,242,2,649,342,0,1,0,93,0,1,1,2,5,0,0
0,0,0,0,1,103,40,2,33838,9307,0,1,0,88,1,1,1,0,5,1,0
0,0,0,1,1,1231,1023,0,19488,24131,0,0,0,88,1,1,2,0,3,1,0
0,0,0,1,1,919,545,6,127033,17785,0,1,0,90,1,1,0,1,2,0,0
0,1,0,1,1,27276,127,485,104,32342,0,1,0,92,1,1,7,0,1,0,1
0,0,0,1,1,2582,2428,8,260815,36629,0,0,0,93,1,0,0,1,2,0,0
0,1,0,0,1,709,528,8,10472,17397,0,1,0,93,1,0,0,1,2,1,1
1,0,0,0,0,12756,560,186,2564,8906,0,0,0,29,1,2,2,0,2,0,0
0,0,0,1,1,5,46,0,331,753,1,1,0,88,1,0,0,2,4,0,1
0,0,0,0,1,1784,50,9,803,13537,0,1,0,88,1,1,2,1,5,1,0
0,1,0,1,1,9,33,0,8,52,1,1,0,88,1,1,1,3,6,0,1
0,1,0,0,1,268,337,9,17406,58951,0,1,0,115,1,1,1,0,17,1,1
0,0,0,1,1,8674,8119,25,46117,38971,0,1,0,90,1,0,5,2,1,0,0
0,0,0,1,1,1666,148,51,35185,52668,0,0,0,88,1,0,0,0,2,1,1
0,0,0,1,1,1566,2702,33,13877,20260,0,1,0,90,1,1,1,0,1,0,0
0,0,0,1,1,144,373,5,2160,568,0,1,0,93,1,4,11,0,2,0,0
0,1,0,1,1,8,26,0,427,214,1,1,0,90,1,1,1,0,1,0,1
0,0,0,0,1,541,995,60,13586,4678,0,1,0,93,1,0,0,0,2,1,1
0,1,1,1,1,1,1,0,0,73,1,1,0,88,1,1,1,0,15,1,1
0,0,0,1,1,43,210,0,28,64,0,1,0,93,1,1,0,0,4,1,1
0,0,0,0,1,92,45,0,7488,11026,0,1,0,88,1,2,1,0,11,1,1
0,0,0,1,1,5,67,0,383,969,0,1,0,88,1,0,1,2,1,0,1
0,0,0,0,1,1286,3258,24,4384,10269,0,0,0,93,1,0,1,2,6,0,0
0,1,0,1,1,914,3552,2,2051,2215,0,1,1,88,1,2,3,0,6,0,1
0,0,0,0,1,4890,1810,155,7914,16469,0,0,0,93,1,2,2,0,3,1,0
0,0,0,0,1,44191,2069,1039,51768,164728,0,1,0,93,1,1,1,1,1,1,0
0,0,0,0,1,1347,995,55,13856,75478,0,0,0,93,1,1,1,0,1,1,0
0,0,0,0,1,3783,4921,3,42394,4322,0,1,0,93,1,1,1,0,6,0,0
0,0,0,0,1,307,46,2,19,42243,0,0,0,88,1,2,2,0,2,1,0
0,0,0,1,1,160,164,13,19994,12551,0,1,0,90,1,1,1,0,5,0,0
0,0,0,0,0,14315,405,220,1058,23474,0,0,0,69,1,2,4,2,1,1,0
0,0,0,0,1,8150,7069,95,19175,35191,0,0,0,93,1,2,4,2,4,0,0
0,0,0,1,1,743,2971,110,7767,126663,0,0,0,83,1,0,0,2,1,0,0
0,0,0,1,1,818,1030,40,40193,45693,0,0,0,92,1,0,0,3,4,0,0
0,1,0,0,1,122,1,0,155,1343,0,1,0,88,1,2,1,0,13,0,1
0,0,1,1,1,197,518,0,13241,13281,0,1,0,88,1,0,2,0,6,1,1
0,0,0,0,0,279350,37,157,728,8610,0,1,0,88,1,4,10,0,4,0,0
0,1,0,1,1,306,582,0,4636,7577,1,1,0,92,1,0,0,3,5,0,1
0,0,0,1,1,657,1031,0,282,4486,0,1,0,33,1,1,1,0,8,0,1
0,0,0,1,1,11778,575,39,131310,100236,0,1,0,90,1,16,38,2,4,1,0
1,1,0,1,1,349,480,26,3852,2001,0,1,0,93,1,1,1,1,2,0,0
0,0,0,0,0,5846,1484,125,6243,7388,0,0,0,88,1,1,3,3,1,1,0
0,1,0,1,1,724,476,274,2506,33216,0,0,0,88,1,2,1,0,8,1,1
0,1,1,1,1,19,28,0,1920,887,0,1,0,88,1,0,0,3,1,1,1
0,0,0,1,1,675,658,6,30168,128437,0,1,0,93,1,0,1,2,2,0,0
0,0,0,0,1,848,38,0,6572,141349,0,0,0,113,1,2,1,0,7,2,0
0,0,0,0,1,3607,4854,326,1507,31211,0,0,0,52,1,2,2,3,2,1,0
0,0,0,0,1,6592,2532,281,54741,29440,0,0,0,93,1,1,7,1,4,0,0
0,0,0,1,1,95,515,0,437,323,1,1,0,90,1,0,1,1,1,0,1
0,0,0,0,1,2679,2703,48,6167,14918,0,0,0,88,1,1,1,0,3,1,0
0,0,0,0,1,17,17,1,13,1686,0,1,0,53,1,1,1,1,17,1,1
0,0,0,0,1,10450,1691,187,1486,16732,0,0,0,88,1,2,1,1,7,1,0
0,0,0,0,1,59,56,0,31,287,0,0,0,88,1,0,0,0,10,2,1
0,0,0,0,1,274,595,3,497,317,0,1,0,48,1,2,4,0,4,1,0
0,0,0,0,0,12632,629,323,305,5467,0,0,0,29,1,1,1,1,6,1,0
0,0,0,0,1,11575,1618,289,1702,7825,0,0,0,29,1,3,5,0,2,1,0
0,0,0,0,1,2480,305,30,354,2140,0,0,0,29,1,1,1,0,2,1,0
0,0,0,0,1,384,215,0,132,1129,0,1,0,88,1,1,1,0,5,1,1
1,0,0,0,1,2191,1884,140,6530,21354,0,0,0,88,1,1,1,1,5,1,0
0,0,0,1,1,382,657,19,20752,10340,0,0,0,90,0,1,4,0,2,0,0
0,0,0,0,1,582,844,9,5728,6231,0,1,0,88,1,0,0,0,3,1,1
0,1,0,1,1,14,0,0,1,18784,0,1,0,31,1,1,1,0,2,1,1
0,1,0,1,1,114,260,0,605,136,0,1,0,90,0,4,10,2,5,0,0
0,0,0,0,1,2274,4181,28,6538,2382,0,1,0,88,1,1,5,1,10,0,0
0,0,0,0,1,134,144,0,423,313,0,1,0,88,1,2,2,1,4,1,0
0,0,0,0,1,22,201,0,3,716,0,0,0,88,1,2,1,0,14,0,1
0,0,0,1,1,3,54,0,34,36,1,1,0,88,1,1,1,0,2,0,1
0,0,0,1,1,3313,4993,3,51254,25361,0,1,0,90,1,0,0,2,5,0,0
0,0,0,0,1,329,243,3,271,163,0,1,0,88,1,1,6,0,13,1,1
0,0,0,0,1,6,65,0,16,21,0,1,0,88,1,2,4,0,15,0,1
0,0,0,1,1,1555,1092,4,4805,10022,0,1,0,93,1,2,1,0,3,1,0
0,0,0,1,1,12,34,1,2423,723,0,1,0,88,1,0,0,1,3,0,1
0,0,0,0,1,180,5,0,0,23061,0,1,0,4,1,1,1,0,4,0,1
0,0,0,0,0,329711,0,453,0,70360,0,1,0,88,1,2,9,1,4,1,0
0,0,0,0,1,1252,92,2,16611,24499,0,1,0,9,1,1,2,0,3,1,0
0,0,0,0,1,1212,1494,62,13478,39067,0,0,0,93,1,1,1,1,3,1,0
0,1,1,1,1,0,2,0,0,59,1,1,0,88,1,1,1,0,10,1,1
0,1,0,1,1,5204,4174,15,38010,135665,0,1,0,88,1,1,5,0,5,0,0
0,0,0,0,1,763,400,18,1993,1313,0,1,0,88,0,2,5,4,3,1,0
0,0,0,0,1,1401,4,0,5,22392,0,1,0,88,1,1,1,0,6,1,1
0,0,0,0,1,788,293,18,44057,47121,0,0,0,93,0,1,1,0,4,0,0
0,0,0,0,0,96537,133,749,1420,351405,0,0,0,29,1,1,1,0,3,1,0
1,1,0,1,1,109,97,0,3149,5189,0,1,0,88,1,0,2,2,1,0,1
0,0,0,0,1,0,1,0,0,42,0,1,0,88,1,2,1,0,7,0,1
0,0,0,0,1,8932,683,140,1964,12438,0,0,0,80,1,1,2,0,4,1,0
0,0,1,1,1,9,91,0,17,543,0,1,0,37,1,1,1,0,15,3,1
0,0,0,1,1,10447,6993,217,204,30824,0,1,0,92,1,7,23,0,1,1,1
0,0,0,0,1,114039,147224,849,39,334155,0,0,0,88,1,2,2,0,7,1,1
0,0,0,0,0,48570,670,519,81663,61508,0,1,0,93,1,41,175,0,2,1,0
0,0,0,1,1,992,1340,4,12956,9445,0,1,0,93,1,0,0,3,4,0,0
0,1,0,1,1,191,408,0,416,2357,0,0,0,88,1,2,2,0,3,0,0
0,0,0,1,1,2647,1057,177,11413,200588,0,0,0,93,1,1,1,0,8,1,0
0,0,0,0,1,50,77,0,805,1645,0,1,0,90,1,1,3,0,5,0,1
0,0,0,1,1,64,234,0,677,1013,1,1,0,88,1,2,3,0,3,4,1
0,1,0,1,1,192,206,4,3194,649,0,1,0,88,1,1,4,0,5,1,1
0,1,0,1,1,1750,1818,7,979,805,0,1,0,12,1,1,6,2,3,1,0
0,0,0,1,1,215,269,1,29490,24163,0,1,0,92,1,0,0,2,5,0,0
0,0,0,0,1,302,325,10,37,1464,0,0,0,37,1,1,3,0,5,0,0
0,1,0,0,1,3575,786,6,130,51918,0,1,0,88,1,1,1,1,4,1,1
0,0,0,0,1,1530,5007,4,5969,12068,0,1,0,93,1,0,1,0,1,1,0
0,0,0,0,1,1749,2044,11,2703,9511,0,1,0,93,1,1,4,0,5,0,0
0,0,0,0,1,46,526,0,441,18669,1,1,0,65,1,1,1,0,1,1,1
0,1,1,0,1,0,0,0,0,1,1,1,0,34,1,1,2,0,5,1,1
0,0,0,1,1,10752,6793,70,234750,63540,0,1,0,93,1,1,3,0,1,1,0
0,0,0,1,1,620,854,1,24051,8234,0,1,0,88,1,1,1,1,4,1,0
0,1,0,0,1,285,32,0,34,1146,0,1,0,98,1,1,1,0,4,1,1
0,0,0,0,1,17,1,0,42,1473,0,1,0,88,1,1,1,0,6,1,1
0,0,0,0,1,11804,160,29,639,4333,0,0,0,90,1,3,5,0,9,0,0
0,0,0,1,1,617,912,7,62071,29713,0,0,0,88,1,0,0,3,9,3,0
0,0,0,0,1,49,6,4,0,198,1,1,0,88,1,1,0,0,2,0,1
0,0,0,0,1,2603,92,26,27,246220,0,0,0,31,1,1,1,0,8,1,1
0,0,0,1,1,180,184,0,2488,1622,1,1,0,88,1,2,1,0,4,1,1
0,0,0,1,1,30,151,0,725,805,0,1,0,92,1,1,2,0,3,0,1
0,0,0,0,1,87429,1260,709,4167,34744,0,1,0,88,1,1,4,0,1,1,0
0,1,1,1,1,1205,94,0,1,733,0,1,0,88,1,1,1,0,8,1,1
0,1,0,0,1,23615,3717,366,2194,46371,0,0,0,47,1,1,1,0,1,1,0
0,0,0,1,1,245,1834,2,944,1919,0,0,0,90,1,3,3,0,9,0,0
0,0,0,0,0,28066,876,307,537,258193,0,0,0,88,1,7,16,2,7,1,0
0,0,0,0,1,263,638,28,939,6907,0,0,0,93,1,1,1,0,1,1,0
0,0,0,0,1,636,3352,9,1120,10071,0,0,0,90,1,1,4,0,2,1,0
0,0,0,0,1,536,297,24,128,16650,0,1,0,52,1,1,2,2,2,1,0
0,0,0,1,1,3,0,0,0,1484,0,1,0,106,1,1,1,0,6,0,1
0,0,0,0,1,2636,22,5,22,14019,0,1,0,90,1,1,1,0,4,1,1
0,0,0,0,1,1750,2225,104,20045,50250,0,0,0,88,1,1,1,0,4,0,0
0,0,0,0,0,7961,405,188,121,3780,0,0,0,29,1,2,2,1,6,1,0
0,0,0,0,1,921,511,6,50434,30636,0,0,0,88,1,1,1,0,7,1,0
0,1,1,1,1,59,34,0,99,98,1,1,0,90,1,3,6,0,3,0,1
0,0,0,0,1,5116,2953,26,17447,16054,0,1,0,93,0,4,51,9,5,0,0
0,0,0,1,1,93,437,0,451,50,0,1,0,93,1,1,3,0,3,0,1
0,1,1,1,1,7,25,0,2,16,1,1,0,88,1,1,1,0,11,1,1
0,0,0,1,1,2243,2350,4,32895,18757,0,1,0,93,0,1,4,0,3,0,0
0,0,0,1,1,500,1022,7,5406,89606,0,1,0,88,1,0,0,0,8,0,1
0,1,0,1,1,732,69,3,4,12471,0,1,0,28,1,1,1,0,5,1,1
0,1,0,0,1,76099,2726,886,111251,84505,0,0,0,90,1,45,241,0,1,0,0
0,1,1,1,1,2,13,0,3,5,1,1,0,90,1,1,1,0,4,0,1
0,0,0,0,0,3967,216,18,2975,1979,0,1,0,90,1,2,11,0,7,0,0
0,0,0,0,1,3841,2610,60,4849,3437,0,0,0,93,1,6,21,7,3,0,0
0,0,0,0,1,5,0,0,0,3,1,1,0,88,1,1,1,0,2,0,1
0,1,0,1,1,3991,4069,3,46971,27124,0,1,0,92,1,0,1,0,3,1,1
0,0,0,1,1,9754,4988,316,9115,48489,0,1,0,88,1,17,22,0,1,1,0
0,0,0,0,1,294,129,0,70,444,0,1,0,90,1,1,1,0,15,0,1
0,0,0,0,1,785,5001,3,68111,26791,0,1,0,88,1,1,2,1,6,1,0
0,1,0,1,1,1050,963,47,48967,111874,0,1,0,92,1,0,0,2,5,0,1
0,0,0,0,1,82,602,1,356,11160,1,1,0,27,1,1,1,0,1,1,1
0,0,0,1,1,112,503,0,5095,1904,1,1,0,88,1,0,0,1,3,3,1
0,0,0,0,1,2191,611,31,4861,4285,0,0,0,93,1,2,6,0,1,0,0
0,0,0,0,1,3261,875,90,152994,170240,0,0,0,88,1,1,1,1,1,1,0
0,0,0,1,1,0,1,0,0,44,1,1,0,88,1,2,1,0,15,0,1
0,1,0,1,1,52,24,0,29,5878,0,1,0,88,1,1,1,0,1,0,1
0,0,0,1,1,832,927,2,6656,14416,0,1,0,93,1,2,2,0,4,1,0
0,0,0,0,1,2863,4377,34,8008,7054,0,0,0,39,1,2,2,2,10,1,0
0,1,0,1,1,409,499,11,70166,17783,0,1,1,93,1,1,2,0,2,1,1
0,0,0,0,0,116924,328,309,368,82767,0,0,0,42,1,1,5,0,1,1,0
0,1,0,1,1,103,1,0,167,1759,0,1,0,88,1,1,2,0,21,1,1
0,0,0,1,1,10622,10469,14,589237,21671,0,1,0,88,1,1,8,1,2,0,0
0,1,0,0,1,191,171,3,1220,2719,0,1,0,88,1,0,0,1,1,0,0
0,0,0,0,1,3,93,0,7,26,1,1,0,88,1,1,1,0,12,0,1
0,0,0,0,1,3096,4617,1,30750,39473,0,0,0,90,1,3,4,0,4,0,0
0,0,0,1,1,1712,1686,44,24126,130466,0,1,0,93,1,2,8,0,2,1,0
0,0,0,1,1,10531,3695,64,11324,58199,0,0,0,93,1,2,2,0,1,1,0
0,0,0,1,1,481,435,10,4048,7654,1,1,0,88,1,2,2,0,13,0,1
1,0,0,1,1,76,103,6,1212,5412,0,1,0,93,1,1,1,1,11,0,1
0,0,0,0,1,864,818,17,2094,1608,0,1,0,90,1,1,2,0,3,1,0
0,1,0,1,1,476,640,1,16657,6569,0,1,0,90,1,0,2,1,1,1,1
0,0,0,0,0,5944,0,13,1891,2420,0,1,0,90,1,0,0,0,14,3,0
0,0,0,0,1,155,212,10,2978,11550,0,0,0,85,1,1,1,0,2,2,0
0,0,0,0,1,942,1684,42,2063,19753,0,0,0,88,1,1,1,0,14,0,0
0,1,0,0,1,28388,21419,5961,21056,424905,0,1,0,12,1,1,1,0,3,1,0
0,0,0,0,0,262116,0,148,103,157347,0,1,0,80,1,2,5,0,3,1,0
0,0,0,0,1,103,5,2,21,3071,0,1,0,31,1,1,1,0,16,1,1
0,1,1,1,1,50,480,14,298,8674,0,1,0,12,1,1,1,0,4,1,1
1,1,0,0,1,279,371,0,176,172,0,1,0,90,1,3,4,0,9,0,1
0,0,0,0,1,11,56,0,14,109,0,1,0,90,1,1,2,0,23,0,1
0,0,0,0,1,156,171,0,17,162,0,1,0,88,1,1,2,0,4,1,1
0,0,0,1,1,431,592,8,8507,16958,0,0,0,92,1,2,4,1,5,1,0
0,0,0,1,1,7449,2735,66,20102,41607,0,0,0,93,1,0,1,1,1,1,0
0,1,0,1,1,8,41,0,3,510,1,1,0,94,1,0,0,2,5,0,1
0,1,0,1,1,533,557,5,3024,7885,0,1,0,93,1,3,6,0,6,0,1
0,0,0,1,1,443,492,3,7604,8602,0,1,0,93,1,1,1,0,1,1,0
0,0,0,0,1,324,697,4,0,363,1,1,0,88,1,0,0,0,2,0,1
0,0,0,0,1,1245,1884,53,1336,4908,0,0,0,29,1,1,3,0,3,1,0
0,0,0,1,1,604,1136,8,35647,10954,0,0,0,93,1,0,0,2,3,0,0
0,0,0,0,1,5620,573,70,3429,3254,0,0,0,88,1,7,2,0,3,1,0
0,0,0,0,1,84,60,1,473,284,0,1,0,88,1,1,2,0,18,2,1
0,1,0,1,1,247,312,1,4965,13837,1,1,0,90,1,1,1,2,8,1,1
0,1,0,1,1,30,2,1,2632,12577,0,1,0,88,1,1,1,0,7,1,1
0,0,0,0,1,7059,1922,212,41,34261,0,0,0,0,1,2,2,0,3,1,0
0,0,0,0,1,3959,128,142,2244,11479,0,0,0,88,1,0,1,0,1,1,0
0,1,0,1,1,310,59,0,9032,5773,1,1,0,90,1,17,16,5,5,0,1
0,0,0,0,1,328,88,8,1592,1928,0,1,0,88,1,1,2,2,1,2,0
0,1,0,0,1,1253,903,3,227,5714,0,1,0,60,1,1,2,0,4,1,1
0,0,0,1,1,33,134,1,92,1878,0,1,0,88,1,1,1,0,21,1,1
0,0,1,1,1,57,127,0,480,5678,0,1,0,53,1,1,1,0,20,1,1
0,1,0,1,1,437,1557,16,3121,6278,0,0,0,93,1,1,1,1,4,0,0
0,1,0,1,1,400,605,4,9637,11153,0,1,0,93,1,0,0,1,3,1,1
0,0,0,1,1,117,199,0,185,195,0,1,0,90,1,2,1,0,1,1,1
0,0,0,0,1,71,453,0,30,847,0,1,0,98,1,1,2,0,21,1,1
0,0,0,1,1,35,203,3,2411,891,0,1,0,93,1,1,2,0,11,0,1
0,0,0,0,1,736,1686,3,16208,5524,0,1,0,88,1,0,0,2,3,0,0
1,0,0,1,1,3595,3680,5,344812,183305,0,1,0,93,1,10,30,2,9,1,1
0,1,0,1,1,347,95,28,1530,2983,0,1,0,88,1,1,1,0,3,1,1
0,0,0,0,1,153,177,1,3822,3483,0,1,0,90,1,1,2,0,2,1,0
0,0,0,0,1,32,43,0,146,108,0,1,0,88,1,1,1,0,7,1,1
0,0,0,0,0,920656,1231,2026,28,222235,0,0,0,88,1,3,7,1,11,1,0
0,1,0,1,1,15,320,0,2171,2315,0,1,0,90,1,1,1,0,2,0,1
0,0,0,0,0,11832,296,44,38970,77627,0,1,0,88,1,1,1,2,4,0,0
0,1,1,1,1,90,971,3,503,4276,0,1,1,88,1,1,1,0,2,0,1
0,0,0,0,1,1095,1891,0,6460,25989,0,1,0,93,1,1,1,0,1,1,0
0,0,0,0,1,4516,4981,36,83692,99641,0,1,0,93,0,2,3,0,3,1,0
0,1,1,1,1,193,200,2,3,1595,0,1,0,90,1,1,1,0,21,0,1
0,0,0,1,1,10,32,0,14,6,1,1,0,93,1,1,1,0,3,0,1
0,0,0,1,1,3754,3752,17,63405,66095,0,0,0,88,1,3,5,0,8,1,0
0,0,0,0,1,926,146,0,86,6546,0,0,0,88,1,1,2,0,4,0,0
0,1,0,1,1,691,701,0,26700,30554,0,0,0,90,1,1,1,1,3,1,0
0,1,1,1,1,715,780,14,39390,24503,0,1,0,93,1,1,2,0,3,1,1
0,0,0,1,1,24,0,0,0,17675,0,1,0,111,1,1,1,0,6,1,1
0,0,0,1,1,435,413,2,4746,1069,0,1,0,93,1,1,2,4,8,0,0
0,0,0,1,1,142,71,28,0,18557,0,1,0,31,1,1,1,2,3,1,1
0,0,0,1,1,106,235,0,4328,2697,1,1,0,90,1,1,1,0,1,1,1
0,0,0,0,1,600,1005,10,7826,1703,0,1,0,93,0,1,3,0,2,0,0
0,1,0,0,1,10,98,0,88,734,1,1,0,90,1,2,1,0,4,1,1
0,0,0,1,1,2039,1881,6,21048,18319,0,1,0,90,0,0,1,0,1,1,0
0,0,0,0,1,2308,4455,17,218253,129736,0,0,0,93,1,1,1,2,6,0,0
0,0,0,0,1,20,50,0,178,217,0,0,0,90,1,1,3,0,12,1,1
0,1,0,1,1,613,17,16,4,5939,0,1,0,80,1,1,1,0,6,0,1
0,0,0,0,1,473,437,8,7,44331,0,1,0,53,1,1,1,1,3,1,0
0,1,0,1,1,384,2,12,0,21137,0,1,0,15,1,1,1,0,2,0,1
0,0,0,1,1,492,31,32,2592,1350,0,1,0,93,1,1,1,1,1,0,0
0,0,0,1,1,6387,7021,27,134792,210948,0,0,0,92,1,0,2,2,3,2,0
0,1,0,0,1,3655,4993,39,3862,113300,0,0,0,22,1,1,1,1,5,1,0
0,1,0,0,1,1960,2702,6,2088,72517,0,1,0,88,1,3,1,0,1,1,0
0,0,0,0,1,1,3,0,6,7,1,1,0,88,1,1,2,0,19,0,1
0,0,0,0,1,16198,26,128,4381,5042,0,1,0,87,1,7,12,1,1,1,0
0,0,0,0,1,9,26,0,6,128,0,1,0,93,0,2,2,0,18,0,1
0,0,0,1,1,2288,1745,42,4656,33221,0,0,0,92,1,1,1,0,7,0,0
0,0,1,1,1,4,44,0,897,43,0,1,0,90,1,2,2,0,6,0,1
0,0,0,0,1,316,352,11,593,4295,0,1,0,88,1,1,1,2,4,1,0
0,0,0,0,0,463678,96,1799,7278,259783,0,0,0,87,1,2,10,2,1,1,0
0,0,0,1,1,1645,1996,27,8093,26147,0,0,0,88,1,1,1,1,13,1,0
1,1,0,0,1,330,312,1,47,29067,0,1,0,73,1,1,1,0,2,1,1
0,0,0,0,1,13251,3110,155,3069,27002,0,0,0,29,1,1,2,6,3,1,0
0,0,0,0,1,6655,0,83,4,36758,0,1,0,88,1,2,2,0,4,1,1
0,0,0,0,1,606,109,1,70,10056,0,0,0,21,1,1,1,0,3,0,0
0,0,0,1,1,7872,8633,34,89822,92980,0,0,0,88,1,19,33,8,1,1,0
0,1,0,0,1,37,220,1,290,1898,0,1,0,107,1,1,1,0,11,0,1
0,0,0,0,1,2848,3405,70,7307,7219,0,0,0,93,1,3,2,1,4,1,0
0,1,0,0,1,751,352,5,372,42893,0,1,0,88,1,1,2,0,4,1,0
0,0,0,0,0,2211641,435,3923,212,409733,0,0,0,23,1,1,6,0,4,1,0
0,1,0,0,1,780,5000,91,9297,165814,0,0,0,80,1,0,0,0,1,1,1
0,1,0,1,1,2442,4101,28,45504,50585,0,0,0,93,1,1,1,0,6,1,1
0,0,0,0,1,2979,3107,370,529,234176,0,1,0,88,1,1,1,0,1,0,0
0,1,0,0,1,857,1193,6,87,1507,0,1,0,88,1,1,1,0,3,1,1
0,0,0,0,1,1901,770,120,268009,79725,0,0,0,90,1,1,0,0,4,1,0
0,0,0,0,1,367023,31,398,8,123258,0,0,0,93,1,3,10,0,1,1,0
0,1,0,1,1,43,77,0,933,550,0,1,0,90,1,2,2,1,5,0,1
0,0,0,0,1,6284,4770,162,20572,138709,0,0,0,88,1,1,1,0,8,0,0
0,0,1,1,1,156,966,0,18384,30518,0,0,0,88,1,1,0,4,6,0,1
0,1,0,0,1,4818,131,29,1239,1789,0,1,0,90,1,0,2,0,2,0,0
0,0,1,1,1,22,83,1,7222,1848,0,1,0,93,1,1,1,0,2,0,1
0,0,0,0,1,230,729,3,9,58493,0,1,0,7,1,1,1,0,12,1,1
0,0,0,1,1,1,55,0,25,297,1,1,0,88,1,0,0,1,1,0,1
0,0,0,1,1,18,236,0,215,370,0,1,0,93,1,1,1,0,2,0,1
0,0,0,0,1,1023,1184,8,2893,21925,0,1,0,88,1,1,3,0,3,1,0
0,0,0,1,1,15938,7965,236,137287,231330,0,0,0,92,1,1,1,0,2,1,0
0,0,0,1,1,1715,3111,27,258513,49370,0,1,0,90,1,1,1,0,2,1,0
0,0,0,0,1,15901,3416,124,3327,20953,0,0,0,36,1,1,1,2,3,1,0
0,0,0,0,1,245,196,0,278,6280,0,1,0,88,1,1,1,1,10,1,1
0,0,0,1,1,2831,4999,38,953287,96462,0,0,0,88,1,1,1,0,1,1,0
0,1,0,1,1,2,0,0,0,28,0,1,0,88,1,3,2,0,17,0,1
0,0,0,0,1,76,176,0,326,326,0,1,0,88,1,1,2,1,4,1,1
0,0,0,1,1,981,996,58,382,268,0,0,0,88,1,0,9,0,1,0,0
0,1,1,1,1,8,34,0,326,23,1,1,0,93,1,0,0,2,1,0,1
0,1,0,0,1,138,0,0,7,2675,0,1,0,88,1,1,1,0,6,1,1
0,0,0,1,1,94,688,1,4053,1817,0,1,0,93,1,12,34,0,3,0,1
0,1,1,1,1,0,0,0,0,8,0,1,0,88,1,2,1,0,15,1,1
0,0,0,0,1,23211,570,34,356,75871,0,1,0,90,1,1,2,0,3,1,0
0,0,0,0,1,1530,164,63,183,111755,0,0,0,80,1,1,1,0,1,0,0
0,0,0,0,0,89546,2710,652,13216,55000,0,0,0,80,1,2,3,2,2,1,0
0,0,0,1,1,5959,6441,6,60677,48557,0,1,0,88,1,2,2,3,1,0,0
0,0,0,0,1,1340,309,22,20,1919,0,0,0,29,1,1,1,0,1,1,0
0,0,0,0,1,41109,443,1003,356,254330,0,0,0,70,1,2,2,0,5,1,0
0,0,0,0,1,1299,2120,237,14675,288324,0,0,0,88,1,1,1,0,1,1,0
0,0,0,0,1,926,584,279,100787,177290,0,0,0,90,1,2,3,0,6,1,0
0,1,0,0,1,431,2,11,5888,23698,0,1,0,120,1,2,1,0,3,0,0
0,0,0,0,0,6388,62,90,815,8825,0,1,0,88,1,1,1,0,14,1,0
0,0,0,0,0,30807,0,385,0,9593,0,0,0,88,1,2,3,0,3,1,0
0,0,0,0,1,0,8,0,0,8,1,1,0,88,1,1,1,0,13,0,1
0,0,0,0,1,4884,1016,75,550,7661,0,0,0,12,1,5,13,0,2,1,0
0,0,0,0,1,148,539,3,1989,44158,0,0,0,88,1,0,0,0,2,3,0
0,1,0,1,1,916,2087,7,30005,34911,0,1,0,88,1,0,1,1,1,0,0
0,0,0,0,1,435,978,45,720,72266,0,0,0,90,1,2,2,0,5,0,0
0,0,0,1,1,45,40,2,52,6527,0,1,0,10,1,2,2,0,2,2,1
0,0,0,1,1,175,410,0,3499,1635,1,1,0,90,1,1,1,0,2,1,1
0,0,0,0,1,186509,599,103,29840,925629,0,0,0,88,1,2,1,0,16,1,0
0,1,0,1,1,89,17,0,52,1461,0,1,0,40,1,1,1,0,1,0,1
0,0,0,0,1,165741,186,113,479,120767,0,0,0,88,1,1,4,0,3,1,0
0,0,0,0,0,2099030,34,2022,149,662879,0,0,0,80,1,8,15,0,5,1,0
0,1,0,0,0,2453,250,2,767,584,0,1,0,90,1,3,14,0,7,1,0
0,0,0,1,1,14604,15536,776,98682,263528,0,0,0,93,1,3,1,0,1,1,0
0,0,0,1,1,0,27,0,21,5206,0,1,0,93,1,1,1,0,1,1,1
0,0,0,0,1,2258,1352,52,110,56946,0,0,0,60,1,1,1,0,4,1,0
0,0,0,0,1,9263,8215,966,89404,264870,0,0,0,88,1,1,2,0,2,1,0
0,1,1,1,1,11,157,0,708,3661,1,1,1,93,1,1,1,0,2,2,1
0,0,0,0,0,84741,760,84,240,32445,0,1,0,90,1,1,6,0,15,1,0
0,0,1,0,1,315,770,15,10737,3738,0,0,0,88,1,1,3,0,1,0,0
0,0,0,0,1,54,31,0,30,111,0,1,0,88,1,1,1,0,9,0,1
0,1,0,1,1,1,19,0,26,33,0,1,0,88,1,0,0,2,1,0,1
0,0,0,1,1,405,686,26,38388,9256,0,1,0,88,1,1,2,0,5,0,0
0,0,0,0,0,63109,180,301,59765,132036,0,0,0,93,1,0,0,1,1,0,0
0,0,0,0,1,302,69,1,838,5458,0,1,0,88,1,1,3,0,6,0,0
0,0,0,0,1,1318,4803,65,861,247632,0,0,0,88,1,0,0,2,1,0,0
0,0,0,0,1,72,234,0,8319,2855,0,1,0,90,1,0,5,1,8,1,1
0,0,0,1,1,15,115,0,90,1938,0,0,0,92,1,1,1,0,1,1,1
0,1,1,1,1,103,201,0,1855,4793,1,1,0,90,1,1,1,0,2,2,1
0,1,0,0,1,1268,1135,43,100176,111143,0,1,0,93,1,0,1,2,2,1,0
0,0,0,0,0,238900,192,0,316,429748,0,0,0,80,1,1,2,0,3,1,0
0,0,0,1,1,0,8,0,2,67,0,1,0,88,1,1,2,0,3,0,1
1,0,0,1,1,1160,870,0,4849,1828,0,1,0,90,1,22,20,0,4,0,1
0,0,0,1,1,600,1152,20,4594,3435,0,0,0,88,1,1,2,0,1,0,0
0,1,1,1,1,13,39,0,0,34,0,1,0,88,1,0,0,1,4,0,1
0,0,0,0,0,11543,124,104,22,11572,0,0,0,90,1,1,2,0,2,1,0
0,0,0,1,1,265,2,0,7,327,0,1,0,90,1,3,7,0,3,0,1
1,1,0,1,1,60,103,0,2141,10970,0,1,0,88,1,1,1,0,5,0,1
0,1,0,1,1,998,1111,2,16140,24797,0,1,0,88,1,1,1,0,1,0,0
0,0,0,0,1,396,278,35,385,3194,0,0,0,90,1,2,3,2,2,0,0
0,1,0,0,1,265,453,2,5971,5278,0,0,0,88,1,1,6,0,1,0,0
0,0,0,0,0,17865,9844,162,27895,15335,0,1,0,88,1,13,104,0,1,0,0
0,0,0,0,1,40,6,1,0,38,0,0,0,88,1,1,1,0,6,0,1
0,1,0,0,1,16,75,0,166,604,0,1,0,90,1,3,2,1,18,1,1
0,0,0,1,1,245,524,0,8887,5333,0,1,0,88,1,1,0,0,8,3,1
0,0,0,1,1,1029,275,7,268347,37877,0,0,0,90,1,0,0,1,4,0,0
0,0,0,0,1,312,437,18,632,1918,0,0,0,31,1,1,1,0,4,1,0
0,0,0,0,1,205,102,11,66,5303,0,0,0,30,1,1,2,0,4,0,0
0,0,0,0,1,149,165,2,2130,5772,0,0,0,88,1,0,0,9,2,0,0
0,1,1,1,1,2,56,0,31,66,0,1,0,90,1,1,1,0,2,0,1
0,1,0,1,1,2,70,1,19,10,1,1,0,90,1,0,0,0,4,1,1
0,0,0,1,1,867,819,27,105436,90749,0,0,0,90,1,1,5,2,2,0,0
0,1,0,0,1,1893,2751,77,21190,42850,0,0,0,93,1,1,1,0,1,0,0
0,0,0,1,1,221,582,2,34224,4981,0,1,0,88,1,1,1,0,4,0,0
0,0,0,0,1,12782,223,0,836,13143,0,0,0,88,1,1,1,0,1,1,0
0,1,0,1,1,219,89,1,47006,8860,0,1,0,88,1,3,6,0,10,1,1
0,0,0,0,1,356,408,4,719,10396,0,0,0,88,1,0,11,1,1,0,0
0,1,0,1,1,322,150,0,2645,1061,0,1,0,88,1,1,1,1,3,1,1
0,1,0,1,1,6011,1222,62,12324,5692,0,1,0,93,1,4,13,0,3,1,1
0,0,0,0,1,325,2218,2,4,493,0,1,0,90,0,1,2,0,14,1,1
0,0,0,0,1,28,87,0,215,464,0,1,0,88,1,1,1,0,4,2,1
0,0,0,0,1,2072,300,41,4259,20315,0,0,0,29,1,1,1,0,1,1,0
0,0,0,0,1,34765,30876,465,25494,85804,0,1,0,90,1,6,13,0,1,1,0
0,0,0,0,1,112,1084,1,8775,13594,0,1,0,88,1,0,0,4,3,0,0
0,0,0,0,1,15335,363,174,710,41057,0,1,0,29,1,1,2,0,1,1,0
0,0,0,1,1,870,1106,1,14271,6940,0,0,0,88,1,1,1,0,7,1,0
0,0,0,0,1,386,369,8,10608,16411,0,0,0,90,1,0,1,0,2,1,0
0,0,0,0,1,441,989,12,48240,30860,0,0,0,90,1,0,0,1,3,1,0
1,0,0,0,1,28215,466,323,941,86996,0,0,0,12,1,1,3,0,4,0,0
0,0,0,0,1,766,572,102,23115,5428,0,0,0,88,1,2,1,1,2,0,0
0,0,0,0,1,14,0,1,11,3689,0,1,0,109,1,3,2,1,9,1,1
0,0,0,1,1,193,651,0,2117,3365,0,1,0,92,1,0,1,1,5,0,0
0,0,0,0,1,3144,39,7,728,5844,0,1,0,90,1,3,3,2,2,1,0
0,0,0,1,1,25,0,0,0,17625,0,1,0,118,1,2,1,0,6,1,1
0,1,1,1,1,269,657,0,17662,9094,0,1,0,88,1,0,0,1,2,0,1
0,0,0,0,1,14642,12901,143,92103,88398,0,0,0,92,1,10,13,1,2,1,0
0,0,0,0,1,627,1265,2,6603,2633,0,0,0,93,1,3,3,1,2,1,0
0,1,0,0,1,3572,2969,148,5413,16634,0,0,0,93,1,1,2,0,1,0,0
0,0,0,1,1,112,87,0,351,816,1,1,0,88,1,0,0,1,4,0,1
0,0,0,0,1,2375,1685,713,12650,46291,0,0,0,77,1,1,1,0,8,1,0
0,1,0,0,1,15140,3740,485,550,70811,0,1,0,44,1,2,2,2,5,1,0
0,0,0,0,1,4461,4867,123,3459,11507,0,0,0,93,1,3,3,0,2,1,0
0,0,0,1,1,704,1176,67,4196,377325,0,0,0,93,1,1,1,0,2,1,0
0,1,0,1,1,178,687,1,2228,1030,0,1,0,93,1,1,3,0,2,0,0
0,0,0,1,1,812,238,16,1845,576,0,0,0,88,1,1,2,7,1,1,0
0,0,0,0,1,3182,4905,351,10746,46265,0,0,0,93,1,0,2,2,1,0,0
0,1,0,0,1,14,1,0,1,3513,1,1,0,98,1,1,1,0,3,1,1
1,1,0,1,1,941,2057,6,137082,38703,0,1,0,93,1,1,1,0,5,0,1
0,0,0,0,0,29961,2934,767,3477,14151,0,0,0,3,1,1,3,1,4,1,0
0,1,0,1,1,29,87,0,221,4024,1,1,0,93,1,1,1,0,3,2,1
0,0,0,1,1,449,1413,43,172028,106614,0,1,0,92,1,0,2,9,2,1,0
0,0,0,0,0,21690,172,144,28,37222,0,1,0,80,1,6,13,0,2,1,0
0,0,0,0,1,374,1118,4,11165,6131,0,1,0,88,1,0,0,0,3,1,1
0,1,1,1,1,400,1782,11,20173,13457,0,1,0,90,1,1,3,0,1,0,1
0,0,0,1,1,185,1125,13,5568,455,0,0,0,88,1,0,0,0,3,1,1
0,0,0,0,1,72,658,2,1188,239,0,1,0,93,1,0,0,0,6,1,1
0,0,0,1,1,661,1475,30,22177,38596,0,0,0,93,1,1,1,1,1,0,0
0,0,0,1,1,3779,4106,6,123190,34713,0,0,0,93,1,3,15,0,3,0,0
0,0,0,1,1,57,0,10,21,44459,0,1,0,90,1,1,1,0,8,0,1
0,0,0,1,1,171,489,6,25345,21896,0,1,0,93,1,1,1,4,3,0,0
0,0,0,0,0,114554,51,397,86,196106,0,0,0,88,1,2,3,0,2,0,0
0,0,0,1,1,2251,3268,9,31609,11732,0,1,0,88,1,4,11,0,1,1,0
0,1,0,1,1,220,2808,1,4479,17297,0,1,0,93,1,0,0,1,6,0,1
0,1,0,1,1,138,355,19,6507,4867,0,1,0,93,1,0,0,0,1,1,1
0,0,0,1,1,800,730,10,32684,31705,0,0,0,93,1,1,1,1,1,0,0
0,0,0,1,1,1666,1210,3,6632,114,0,0,0,88,1,1,2,2,2,0,0
0,0,0,0,1,289,136,4,4696,3890,0,0,0,88,1,1,1,0,1,0,0
0,1,0,0,1,59,123,33,323,1068,0,0,0,12,1,1,1,0,19,1,1
0,0,0,1,1,98,151,0,1101,40,0,1,0,90,1,1,2,0,19,0,1
0,1,1,1,1,701,1398,19,24485,12175,0,1,0,93,1,0,0,2,5,0,1
0,0,0,0,1,3221,4668,243,2691,20053,0,0,0,56,1,2,4,0,11,1,0
0,1,0,1,1,2534,1516,177,130812,221376,0,0,0,92,1,1,1,0,1,0,0
0,0,0,0,1,10,28,0,12,91,0,1,0,88,1,1,1,0,13,0,1
0,0,0,0,1,59,107,0,407,1755,0,1,0,93,1,1,1,0,5,0,1
0,0,0,0,1,5194,1193,83,75130,17327,0,1,0,88,1,2,11,0,1,0,0
0,1,0,1,1,51,328,1,1117,2212,1,1,0,93,1,1,2,0,5,0,1
0,0,0,1,1,9430,8189,428,1689,102264,0,0,0,92,1,0,0,0,4,1,1
0,0,0,0,1,118,57,0,6619,4904,0,1,0,93,1,1,1,1,6,0,0
0,0,0,1,1,28,0,0,8,15287,0,1,0,105,1,3,1,0,6,1,1
0,0,0,1,1,172,880,10,25421,11153,0,1,0,90,0,1,3,2,1,0,0
0,1,1,1,1,0,1,0,0,15,1,1,0,88,1,1,1,0,1,0,1
0,1,0,0,1,239,810,4,448,3314,0,0,0,90,1,1,1,0,2,0,0
0,0,0,1,1,3142,1034,123,22983,10153,0,0,0,88,1,1,2,0,1,1,0
0,0,0,0,0,91877,455,302,27,119526,0,0,0,80,1,4,9,1,2,1,0
0,0,1,1,1,5317,5763,5,672926,45505,0,1,0,93,1,0,3,2,1,0,0
0,1,0,1,1,4222,35,41,186,4827,0,0,0,12,1,2,1,0,6,1,1
0,0,0,1,1,1311,2163,17,25389,36681,0,1,0,93,0,0,1,2,4,0,0
0,0,0,1,1,2494,4975,247,33169,324847,0,1,0,93,1,1,0,1,1,0,0
0,0,0,1,1,12182,4179,53,191231,51182,0,1,0,93,1,3,11,2,1,0,0
0,0,0,0,1,222,242,5,891,4357,0,0,0,88,1,2,1,0,1,1,0
0,0,0,0,1,2431,2974,2,1426,1427,1,1,0,93,1,4,10,0,4,0,0
0,0,0,1,1,3270,4885,2,57555,16397,0,1,0,93,1,1,5,0,5,0,0
0,0,0,1,1,4,32,0,23,14,0,1,0,88,1,1,1,0,4,1,1
0,0,0,0,1,6764,4699,1811,51423,334336,0,0,0,88,1,1,1,1,13,1,0
0,0,0,1,1,186,542,0,268,141,0,1,0,88,1,1,2,0,4,0,1
0,0,0,0,1,20313,13737,1337,5176,95844,0,0,0,92,1,3,27,0,2,0,0
0,0,0,1,1,617,743,14,9233,44729,0,1,1,88,1,0,2,26,3,1,1
0,0,0,0,1,5236,494,134,6388,8320,0,0,0,88,1,0,5,0,5,0,0
0,1,0,1,1,2,3,0,7,94,1,1,0,88,1,1,1,0,24,1,1
0,0,0,0,1,2438,2972,128,4338,19942,0,0,0,88,1,0,0,1,1,1,0
0,0,0,0,0,287231,2240,1968,52191,104667,0,0,0,90,1,6,89,0,1,0,0
0,0,0,0,0,14321,9552,295,10838,43528,0,1,0,93,1,0,0,1,1,1,0
0,0,0,0,1,1014,396,4,1174,5321,0,1,0,98,1,1,1,0,4,1,0
0,0,0,0,1,59,67,2,18,4163,0,1,0,98,1,1,1,0,4,1,1
0,0,0,0,1,1081,1363,103,5944,40439,0,1,0,88,1,1,1,0,1,1,0
0,1,0,1,1,221,1296,6,13680,12461,0,1,0,93,1,1,2,0,3,0,0
0,0,0,0,1,1259,1468,11,5797,55818,0,1,0,88,1,0,1,1,2,0,0
1,0,0,1,1,80,94,0,1158,940,0,0,0,93,1,1,1,0,2,0,1
0,1,0,0,0,4251757,45,9237,448,603660,0,0,0,80,1,1,7,0,2,1,0
0,0,0,0,0,289810,2366,1436,10938,132621,0,0,0,80,1,1,2,0,4,0,0
0,0,0,0,0,13285040,74,8442,208,236392,0,0,0,80,1,7,8,0,5,0,0
0,0,0,0,1,2252,2410,102,86,4585,0,1,0,67,1,2,2,0,2,1,1
0,0,0,0,1,1790,406,42,1,21972,0,0,0,93,1,1,2,0,1,0,0
0,0,0,0,1,44,62,1,12,69,0,1,0,88,1,1,1,0,3,1,1
0,0,0,1,1,599,1616,14,5650,187,0,0,0,93,1,0,1,2,1,0,0
0,0,0,0,1,4373,937,81,8630,10545,0,1,0,88,1,1,5,1,2,1,0
0,1,0,0,1,2324,5,31,0,9649,0,1,0,88,1,5,2,0,4,0,1
0,1,0,1,1,335,914,43,12500,54431,0,1,0,93,1,0,0,1,1,0,1
1,1,0,0,1,94,220,0,45,3148,0,0,0,15,1,1,1,0,5,1,1
0,0,0,0,1,7253,2437,83,4699,11004,0,0,0,81,1,1,1,0,4,1,0
0,0,0,0,1,2986,1189,33,486,27796,0,1,0,9,1,1,1,0,6,1,0
0,0,0,0,1,743,183,0,1659,1591,0,1,0,70,1,1,2,0,6,1,1
0,0,0,1,1,224,437,0,46174,38003,0,1,0,88,1,0,0,1,2,0,1
0,0,0,1,1,1264,50,21,8991,29724,0,1,0,93,1,1,1,1,1,0,0
0,0,0,1,1,1193,1239,6,497290,121174,0,1,0,93,1,0,2,0,1,1,1
0,0,0,0,1,1641,555,9,580,11485,0,1,0,93,1,1,1,0,2,0,0
0,1,0,1,1,6767,4749,153,174273,365095,0,1,0,92,1,2,6,1,1,0,0
0,1,0,1,1,557,574,2,31355,3324,0,1,0,93,1,1,2,0,5,0,0
0,0,0,0,1,1130,2904,57,19035,21946,0,0,0,88,1,1,5,0,1,0,0
0,0,0,0,1,872,964,9,1141,96200,0,1,0,53,1,1,1,1,5,1,0
0,1,1,1,1,445,2536,6,20504,5765,0,1,0,93,1,1,1,0,1,1,1
0,0,0,0,1,1669,964,10,26807,15813,0,1,0,29,1,1,1,0,19,1,0
0,1,1,1,1,861,2002,0,3539,4961,0,1,0,90,1,1,4,0,9,0,1
0,0,0,0,1,6308,6806,25,61653,25873,0,1,0,88,1,0,1,1,2,0,0
0,0,0,1,1,30,130,0,14,3,1,1,0,88,1,1,1,0,1,0,1
0,1,0,0,1,1679,4989,31,9972,834,0,0,0,88,1,6,21,1,2,0,0
0,1,0,1,1,26,26,0,20,683,1,1,0,88,1,1,1,0,1,1,1
0,1,0,1,1,4759,5020,4,12187,89417,0,1,0,104,1,1,1,0,1,1,1
0,0,0,0,1,165,697,0,10220,4203,1,1,0,88,1,0,0,1,4,1,1
0,0,0,0,0,9903,1784,225,2489,23664,0,0,0,88,1,9,11,1,2,1,0
0,0,0,0,1,70,94,1,19,127,0,1,0,88,1,1,3,1,1,0,1
0,1,0,1,1,596,58,4,26638,40354,0,0,0,90,1,0,0,0,19,1,1
0,1,0,1,1,156,945,4,14169,5198,0,1,0,93,1,2,1,0,14,0,1
0,0,1,1,1,161,220,2,4248,8798,0,0,0,93,1,1,1,0,1,0,0
0,0,0,1,1,103,30,2,4048,6552,0,1,0,88,1,0,0,0,21,1,1
0,0,0,0,1,5323,5855,420,135503,418290,0,0,0,88,1,0,0,0,2,1,0
0,0,0,0,0,50213,800,14,586,168155,0,0,0,108,1,2,1,0,5,1,0
0,0,0,0,1,1842,868,8,635,510,0,0,0,93,1,8,57,0,4,0,0
0,1,0,0,1,3,23,0,141,141,1,1,0,93,1,3,3,0,13,0,1
0,1,0,1,1,7406,6411,60,4630,36751,0,0,0,88,1,1,1,0,4,0,0
0,0,0,0,1,2189,1832,0,4322,2295,0,1,0,93,1,1,3,0,1,1,0
0,0,0,0,1,579,5005,1,173,2199,1,1,0,90,1,1,1,1,4,1,1
0,1,0,0,1,5876,3720,578,24211,99735,0,0,0,12,1,1,1,0,3,1,0
0,0,0,1,1,109,259,0,621,2731,0,0,0,93,1,1,1,3,1,0,0
0,0,0,0,1,2704,184,26,3212,16024,0,1,0,21,1,1,1,1,2,1,0
1,0,0,1,1,80,172,0,320,849,0,1,0,93,1,0,0,3,2,0,1
0,1,0,1,1,1,0,0,4,148,0,1,1,88,1,1,1,0,17,1,1
0,0,0,1,1,7404,5157,44,28765,16710,0,1,0,88,1,5,14,0,4,0,0
0,0,0,0,1,5050,4511,16,5881,4636,0,0,0,100,1,1,2,4,2,1,0
0,1,0,0,1,7,4,1,58,267,0,1,0,88,1,1,1,0,3,0,1
0,0,0,0,1,3290,2308,227,206683,355797,0,0,0,93,1,1,0,2,3,1,0
0,1,1,1,1,1,0,0,0,1584,0,1,1,31,1,1,1,0,5,1,1
0,0,0,0,1,892,2584,19,3032,4653,0,0,0,29,1,1,1,0,3,1,0
0,0,0,0,1,80,64,0,108,323,0,1,0,29,1,1,1,0,4,1,1
1,1,0,0,1,12,6,0,0,3230,0,1,0,103,1,1,1,2,4,0,1
0,1,0,1,1,1774,204,11,42,4198,0,1,0,88,1,1,1,0,5,0,1
0,0,0,0,1,2020,235,20,105,9356,0,1,0,88,1,1,4,0,5,0,0
0,0,0,1,1,159,195,0,47240,4143,0,1,0,88,1,1,7,0,2,0,0
0,1,0,1,1,72,413,1,931,2918,1,1,0,93,1,4,4,0,3,1,1
0,0,0,1,1,419,777,0,9789,2695,0,1,0,90,1,0,0,0,3,0,1
0,0,0,0,1,22837,1630,595,5040,5141,0,0,0,93,1,1,28,0,1,0,0
0,1,0,0,1,2440,1242,55,411,3523,0,0,0,90,1,2,17,0,3,1,0
0,0,0,0,1,179,1085,0,7408,5119,0,1,0,88,1,1,1,0,3,1,0
0,1,0,0,1,12776,4606,650,6786,63873,0,0,0,71,1,1,1,0,2,1,0
0,0,0,1,1,1783,1626,27,43693,22022,0,0,0,88,1,2,4,0,2,1,0
0,0,0,0,1,6040,868,82,24085,62115,0,0,0,51,1,1,1,0,8,1,0
0,0,0,1,1,334,1374,21,11681,3093,0,1,0,88,1,1,1,1,5,0,0
0,0,0,0,1,752,1721,6,22257,13322,0,1,0,93,0,0,0,1,1,0,0
0,0,0,0,1,401,168,20,1084,6613,0,1,0,29,1,1,1,0,2,1,0
0,0,0,0,1,1185,398,11,2,1606,0,1,0,93,1,5,4,1,15,1,1
0,0,0,0,1,14149,12793,78,139121,168676,0,0,0,6,1,14,7,0,15,1,0
0,1,0,1,1,420,970,0,3302,1959,0,1,0,93,1,0,1,3,3,0,1
0,0,0,1,1,1349,5000,25,12654,14194,0,0,0,93,1,2,2,5,6,1,0
0,0,0,1,1,142,961,3,3872,2029,0,0,0,90,1,1,1,0,4,0,0
0,0,0,0,1,739,2070,2,55867,58602,0,0,0,88,1,0,0,1,7,1,0
0,0,0,1,1,1931,3743,1,163250,28690,0,1,0,88,1,1,1,0,14,1,1
0,0,0,0,1,14,81,0,79,48,1,1,0,88,1,1,1,0,2,0,1
0,0,0,0,1,1305,617,0,1642,7386,0,0,0,29,1,5,10,1,3,1,0
0,0,0,1,1,1030,2305,18,31036,14852,0,1,0,93,1,1,1,1,1,1,0
0,1,0,1,1,274,83,1,11324,17527,0,1,0,88,1,0,0,1,1,0,1
0,0,0,1,1,2278,3017,17,31417,6909,1,1,0,93,1,0,1,1,1,0,0
0,0,0,1,1,409,501,1,127659,17048,0,1,0,93,1,0,3,2,1,0,0
0,0,0,0,1,431,68,132,18622,139973,0,0,0,88,1,0,0,0,5,1,0
0,0,0,0,1,13,5,0,7,624,0,1,0,5,1,1,1,0,14,1,1
0,0,0,0,1,627,2329,0,14885,14570,0,0,0,76,1,2,1,0,8,1,0
0,0,0,0,1,4778,5230,433,26,233563,0,1,0,78,1,1,1,0,12,1,1
0,0,0,0,1,4703,5051,39,49645,25190,0,0,0,88,1,3,6,0,4,1,0
0,0,0,0,1,1769,1088,1030,8,286614,0,0,0,82,1,1,1,1,5,1,0
0,1,0,1,1,81,334,0,4269,8534,0,1,0,93,1,1,1,0,10,0,1
0,0,0,0,1,8915,1002,461,18395,37033,0,0,0,88,1,0,12,0,2,1,0
0,1,0,1,1,123,285,0,22421,4004,0,1,0,93,1,1,1,0,11,0,1
0,0,0,0,1,271,74,1,137,13065,0,0,0,31,1,1,1,0,11,1,1
1,1,0,1,1,1806,4301,35,50793,97392,0,1,0,93,1,0,1,2,3,1,1
0,0,0,1,1,154,365,32,6620,20240,0,0,0,93,1,1,1,4,4,0,0
0,0,0,0,1,35366,273,207,1,139155,0,1,0,1,1,3,1,0,2,1,1
0,0,0,0,1,1350,54,40,167,1367,0,0,0,29,1,1,4,0,1,0,0
0,0,0,0,1,11733,3630,6,333,12612,0,0,0,88,1,2,1,0,10,1,0
0,0,0,1,1,40,38,0,420,383,0,1,0,88,1,1,1,1,1,0,1
1,0,0,1,1,18,8,1,4,4669,0,0,0,57,1,1,1,0,2,1,1
0,1,0,1,1,4,62,0,32,89,0,1,0,88,1,1,2,0,11,1,1
0,1,0,1,1,17,70,0,2093,13797,0,1,0,90,1,0,1,3,2,0,1
0,0,0,0,1,1029,342,11,866,5984,0,0,0,80,1,1,1,0,1,1,0
1,0,0,1,1,880,2095,75,2204,24045,0,0,0,88,1,1,1,0,4,1,0
0,1,0,1,1,619,96,50,83264,67559,0,1,0,90,1,0,0,1,4,1,1
0,0,0,0,1,2400,2071,32,4013,7754,0,1,0,88,1,1,1,0,6,0,0
0,1,0,1,1,1122,1563,4,189446,239400,0,1,0,88,1,1,1,0,1,1,1
0,0,0,0,1,4108,2432,200,51145,65291,0,0,0,31,1,1,1,0,7,0,0
0,0,0,1,1,16,13,1,3,49,0,0,0,93,1,1,1,0,1,0,1
1,0,0,0,1,13843,138,640,23114,91422,0,0,0,29,1,1,1,0,4,1,0
0,1,0,0,1,21,1,7,8321,39638,0,0,0,93,1,0,0,2,6,3,1
0,0,0,0,1,1450,516,16,15559,42359,0,0,0,12,1,1,1,1,7,1,0
0,1,0,1,1,701,2505,3,8726,5411,0,1,0,93,1,1,2,0,2,0,0
0,0,0,0,1,24,18,1,19,4258,0,0,0,16,1,1,1,0,7,1,1
0,0,0,0,1,394,570,23,965,9491,0,0,0,92,1,3,6,0,20,0,0
0,1,0,0,1,731,242,8,281479,38222,0,1,0,93,1,0,0,0,2,1,1
0,0,0,0,1,60530,1135,0,106720,120077,0,1,0,93,1,93,612,0,3,0,0
0,0,0,1,1,663,1949,21,9848,44056,0,1,0,88,1,0,1,1,1,0,0
0,0,0,0,1,940,1705,24,4694,26307,0,0,0,92,1,1,1,1,1,0,0
0,1,0,1,1,23,59,1,2,850,0,1,0,90,1,1,1,0,2,0,1
0,1,0,1,1,1234,2091,3,136167,76640,0,1,0,92,1,0,0,1,4,0,1
0,0,0,1,1,84,111,6,136,352,0,0,0,90,0,0,1,2,3,0,1
0,0,0,0,1,263,371,11,1,171199,0,1,0,96,1,1,0,0,5,2,1
0,0,0,1,1,385,1266,17,11925,11242,0,0,0,93,1,0,0,2,5,0,0
0,0,0,1,1,11497,6483,227,172649,72077,0,0,0,88,1,17,67,0,2,0,0
0,1,0,0,1,657,717,14,219,49133,0,1,0,60,1,1,1,0,4,1,1
0,0,0,1,1,156,383,3,5873,7944,0,0,0,93,1,0,1,3,1,0,0
0,0,0,0,0,2288489,21,3584,134,677848,0,0,0,80,1,1,2,0,3,1,0
0,0,1,1,1,37,23,0,1814,1312,0,1,0,90,1,2,1,0,4,0,1
0,0,0,1,1,3903,4968,0,5550,8853,0,1,0,90,1,1,3,0,6,1,1
0,1,0,0,1,109,69,2,4596,5364,0,1,0,93,1,3,3,0,14,1,1
0,0,0,1,1,340,108,8,9395,5465,0,1,0,93,1,3,3,0,14,1,1
0,0,0,1,1,486,1920,1,2834,1614,1,1,0,90,1,1,1,0,2,0,0
0,0,0,1,1,170,1041,1,6249,6053,0,1,0,93,1,1,3,0,4,0,0
0,0,0,1,1,644,1251,8,34827,8454,0,0,0,88,1,0,0,0,2,1,1
0,0,0,1,1,891,1157,5,68404,18179,0,0,0,93,1,1,10,0,1,0,0
0,1,0,0,1,1120,155,1443,10,1684198,0,0,0,45,1,1,1,0,2,1,1
0,0,0,0,1,1282,202,19,4184,2735,0,0,0,88,0,1,3,0,25,0,0
0,0,0,1,1,3798,1296,11,21714,14577,0,0,0,93,1,1,3,0,1,1,0
0,0,0,0,1,395,486,1,2612,1882,0,1,0,93,1,1,2,0,12,0,0
0,1,1,1,1,239,2860,17,144094,164994,0,0,0,93,1,0,0,1,1,0,1
0,0,0,0,1,103588,97866,1263,24925,446948,0,1,0,80,1,1,1,0,2,1,0
0,1,1,1,1,738,29,6,0,28426,0,1,1,88,1,1,3,2,2,0,1
0,1,0,0,1,96,197,3,0,21421,0,1,0,13,1,2,1,0,7,1,1
0,0,0,0,1,2407,4998,25,16709,13604,0,1,0,93,0,3,35,0,1,0,0
0,0,1,0,1,1014,28,128,2367,236328,0,0,0,79,1,1,1,3,2,0,0
0,0,0,0,1,330,846,8,1592,9330,0,0,0,88,1,2,1,0,26,1,0
0,1,1,1,1,14,5,1,1199,1579,1,1,1,88,1,1,1,0,2,0,1
0,0,0,0,1,3454,1825,45,67,47958,0,0,0,88,1,1,1,0,2,0,0
0,1,0,0,1,3189,4994,170,8330,152276,0,0,0,12,1,1,1,0,16,1,0
0,1,0,1,1,6424,7052,21,50001,102587,0,1,0,92,1,2,2,0,3,1,1
0,0,0,1,1,411,1396,5,5305,25479,0,1,0,92,1,0,0,0,4,1,1
0,0,0,1,1,480,1850,1,40672,16233,0,0,0,93,1,0,0,0,2,1,1
0,0,1,1,1,358,285,6,2843,3046,0,0,0,93,1,2,3,0,5,0,0
0,0,0,0,1,1870,2499,9,45732,38578,0,0,0,93,1,2,12,0,1,0,0
0,0,0,1,1,6,77,0,195,104,1,1,0,90,1,1,1,0,3,0,1
0,0,0,0,1,121,234,0,1668,10226,0,1,0,58,1,1,1,0,18,1,1
0,0,0,0,1,5267,5602,237,31907,69503,0,1,0,88,1,6,10,0,1,0,0
0,0,0,1,1,56,65,0,455,2688,0,1,0,88,1,1,2,0,4,0,1
0,1,0,1,1,7,76,1,32,323,1,1,0,93,1,1,1,1,1,0,1
0,0,0,1,1,62504,58691,24,123248,88865,0,1,0,88,1,11,29,0,5,1,0
1,0,0,1,1,559,2664,6,33890,18615,0,0,0,93,0,1,1,0,3,1,0
0,0,0,0,1,5,110,0,1583,136,1,1,0,88,1,1,1,0,1,0,1
0,1,1,1,1,2464,2643,2,8837,218871,0,1,0,99,1,3,1,0,23,1,1
1,1,0,0,1,1203,548,12,10441,15028,0,0,0,81,1,1,16,0,1,0,0
0,0,0,1,1,180,220,0,13623,9544,0,0,0,90,1,1,1,0,1,0,0
